sentiment,Retweets
-1,
-1,
-1,"RT @SteveSGoddard: We had winds close to  MPH in the area this afternoon. I would blame climate change, except that this happens pr‚Ä¶ "
-1,
-1,"RT @DawnDawn: This is ONE of Arnold Schwarzenegger's vehicles. He is now whining about climate change.
How's his maid...illegal or
http‚Ä¶"
-1,RT @Fruitloopian: Why is there snow in March if we have global warming?
-1,
-1,
-1,
-1,"RT @signordal: New global warming study is terrible news for alarmists, good news for plants, animals an... https://‚Ä¶"
-1,
-1,RT @CharlieDaniels: I'm not worried about global warming but I'm terrified about global government.
-1,
-1,"RT @Carbongate: Physicist - CO does not cause climate change, it RESPONDS to it - Video "
-1,
-1,RT @tamorley: @ZekeJMiller But why a carbon tax? Isn't all that climate change stuff is hokum?
-1,"RT @Mike_Beacham: Fed scientist cooked climate change books ahead of Obama presentation 
#NoMoreSCAMS
#NoMoreDEMOCRATS
#DrainTheSwamp 
http‚Ä¶"
-1,RT @CounterMoonbat: The people who predicted parts of Manhattan would be underwater by  due to climate change are concerned about 'fake√É¬¢√¢‚Äö¬¨√Ç¬¶
-1,
-1,RT @MR_BREXIT: Good news that @realDonaldTrump is looking to ditch the Paris agreement and bust open the climate change #myth #maga #stepfo√É¬¢√¢‚Äö¬¨√Ç¬¶
-1,
-1,RT @Uniocracy: They'll tell you theyre doing it to save you from global warming. Theyre lying  #OpChemtrails
-1,RT @newsfakenews: TODD STARNES: Hey NPR ‚Äî Take your global warming nonsense about kids and blow it out your F- tailpipe ‚Ä¶
-1,
-1,RT @CounterMoonbat: The people who predicted parts of Manhattan would be underwater by  due to climate change are concerned about 'fake√É¬¢√¢‚Äö¬¨√Ç¬¶
-1,RT @realDonaldTrump: The concept of global warming was created by and for the Chinese in order to make U.S. manufacturing non-competitive.
-1,
-1,"RT @HarmlessYardDog:  kids aged  to  are suing the Trump over climate change ÔøΩÔøΩÔøΩÔøΩÔøΩÔøΩ

&gt;Leftist are a Disease "
-1,
-1,
-1,RT @RandomSavage: @FrMatthewLC Crazy how two days ago people were going bezerk about 'global warming' then a blizzard hits
-1,RT @katieworth: My story on the campaign to persuade every science teacher in the U.S that climate change is debatable @frontlinepbs https:‚Ä¶
-1,
-1,RT @AlbertStienstra: @ClimateRealists The almost % Democrat vote of the very young is caused by climate change scaremongering and indoct√É¬¢√¢‚Äö¬¨√Ç¬¶
-1,
-1,RT @CounterMoonbat: The people who predicted parts of Manhattan would be underwater by  due to climate change are concerned about 'fake√É¬¢√¢‚Äö¬¨√Ç¬¶
-1,"RT @DanielJHannan: People who accept 'the scientific consensus' on climate change often dismiss 'the scientific consensus' on, say, frackin‚Ä¶"
-1,RT @TuckerCarlson: Forget about its poverty or exploding crime rate... the mayor of New Orleans is making climate change a top priorit‚Ä¶
-1,
-1,
-1,RT @PrisonPlanet: A bunch of Oxford elitists want to tax the food of poor people because 'climate change'. How about fuck off instead? http√É¬¢√¢‚Äö¬¨√Ç¬¶
-1,RT @DineshDSouza: THOUGHT FOR THE DAY: If gender is a social construct--which is to say 'all in your head'-- maybe climate change is too
-1,RT @ClimateTruthNow: George Clooney claims that man-made global warming must exist because liberals agree that it exists: √É¬¢√¢‚Äö¬¨√Ç¬¶
-1,
-1,RT @BIKERDAVE: Question Al Gore on climate change and he'll call you a 'denier' | Climate Change Dispatch  via @c‚Ä¶
-1,
-1,RT @USFreedomArmy: When will people understand this about globalism &amp; not global warming. Enlist ----&gt;  Act!! https‚Ä¶
-1,
-1,"RT @realDonaldTrump: It's freezing outside, where the hell is 'global warming'??"
-1,RT @GeneraLeeIntuit: @dcexaminer Weathermen can't get tomorrow's climate change right but based on the same data they predict the climate ‚Ä¶
-1,RT @realDonaldTrump: The concept of global warming was created by and for the Chinese in order to make U.S. manufacturing non-competitive.
-1,"RT @BrentBozell: If you rewrite history to fit the climate change agenda, you're not a journalist. You're a propagandist. ‚Ä¶"
-1,"RT @hrkbenowen: The HORROR! Chelsea Clinton blames diabetes on climate change, gets fact-checked HARD "
-1,RT @TwitchyTeam: New York Times 'slammed' with cancellations as punishment for climate change heresy 
-1,RT @realDonaldTrump: The global warming we should be worried about is the global warming caused by NUCLEAR WEAPONS in the hands of crazy or√É¬¢√¢‚Äö¬¨√Ç¬¶
-1,RT @RealJamesWoods: Do penises cause climate change? Discuss | The Spectator // I need not comment on this one... #liberals ‚Ä¶
-1,RT @Carbongate: Climate Change - the REAL inconvenient truth. Scientist claims global warming is NATURAL 
-1,
-1,
-1,"RT @sean_spicier: Hope the President's new climate change regs don't cause California to fall into this Pacific this weekend, I have plans"
-1,"RT @ReaganTMan: Media falsely spins Trump's NYT climate comments - #Trump cited Climategate, restated skepticism of 'global warming' https:‚Ä¶"
-1,RT @NickDSmith: Why are climate change fanatics so frightened of Lord Lawson.?
-1,
-1,
-1,
-1,
-1,RT @realDonaldTrump: The concept of global warming was created by and for the Chinese in order to make U.S. manufacturing non-competitive.
-1,"RT @Cernovich: Same 'experts' who said Hillary would win claim 'climate change' is real. LOL! Go away, morons, you know nothing and you los√É¬¢√¢‚Äö¬¨√Ç¬¶"
-1,
-1,"RT @ELDOBLEEM: Any scientist out there Still want to defend climate change? Both hoax inventors have run...
ÔøΩÔøΩok lets focus on pic‚Ä¶"
-1,
-1,
-1,RT @TomiLahren: How to anger a Conservative: hurt American jobs. How to anger a Liberal: insult the climate change crusade. ‚Ä¶
-1,"RT @nia_trump: #ClimateChange For $ TRILLION Al Gore will save the earth. From what tho, global warming, ice age or the fatties?‚Ä¶"
-1,
-1,"RT @samdastyari: Hey @PaulineHansonOz, how good is it that climate change isn't real? Imagine how hot it would be otherwise."
-1,
-1,
-1,RT @realDonaldTrump: The concept of global warming was created by and for the Chinese in order to make U.S. manufacturing non-competitive.
-1,
-1,RT @ClimateDepot: New report about Antarctica is horrible news for global warming alarmists ‚Äì TheBlaze - 
-1,
-1,RT @CattHarmony: I'd rather #MarchforBabies than march for fake science of climate change. 
-1,RT @sean_spicier: The nice part about a nuclear arms race in the Middle East is we won't be around to really experience climate change's wr‚Ä¶
-1,
-1,
-1,
-1,RT @thelanarchist: Geoengineering programs jets spraying arosols is making climate change.... 
-1,"RT @iluvspringtime: Once Trump refuses to send (lots of money)Grants for research, watch how quickly the climate change fad will disapp√É¬¢√¢‚Äö¬¨√Ç¬¶"
-1,
-1,
-1,RT @PrisonPlanet: A bunch of Oxford elitists want to tax the food of poor people because 'climate change'. How about fuck off instead? http√É¬¢√¢‚Äö¬¨√Ç¬¶
-1,
-1,
-1,
-1,RT @PrisonPlanet: Anyone lecturing me about the 'science' behind global warming who simultaneously thinks there are more than two genders c‚Ä¶
-1,RT @Heritage: President Trump must resist pressure from foreign leaders to cave in on global warming. 
-1,RT @JoeFreedomLove: Blog: Science fights back against the global warming fraud 
-1,
-1,
-1,
-1,"RT @TheFoundingSon: NOAA scientists manipulated temperature data to make global warming seem worse

Who's surprised? Not me
‚Ä¶"
-1,RT @GeorgiaLogCabin: NOAA's global warming data manipulation  #Economy #National
-1,
-1,"RT @MarkACollett: The biggest threat to the environment isn't global warming, it's overpopulation that is fuelled by liberal aid to the thi‚Ä¶"
-1,RT @davidicke: Founder of Weather Channel blasts total fraud of climate change: Science fraud run by the Left‚Ä¶
-1,
-1,"RT @JonoZalay: Here's a pic of arctic ice proving climate change...
Not falling for it.
Hillary is sex trafficking out of a pizza parlor.‚Ä¶"
-1,RT @JunkScience: How 'climate scientists' decide to attribute weather events to global warming. 
-1,
-1,
-1,"RT @AviWoolf: When the leader of the free world claims climate change caused the Syrian Civil War, you're in cukoo land. Period. √É¬¢√¢‚Äö¬¨√Ç¬¶"
-1,"RT @_donaldson: #StandUpForScience, and forget the fact we've been changing our minds on global warming since . "
-1,RT @FoxNews: .@ericbolling: 'It's very profitable to be in the global warming hysteria business.' #CashinIn 
-1,
-1,"RT @ChuckNellis: The climate change SCAM, revealed! "
-1,
-1,
-1,"RT @CraigRBrittain: By not acknowledging that the reports have said that climate change is  years away, you're the one denying clima‚Ä¶ "
-1,
-1,RT @TomiLahren: Been sitting here waiting for a delayed flight watching CNN for hrs. In that time they've covered Russia &amp; climate change.‚Ä¶
-1,RT @ScientistTrump: It's ¬∫ (really cold) in New York  today - tell the so-called 'scientists' that we want global warming right now!‚Ä¶
-1,
-1,
-1,
-1,RT @SteveSGoddard: Natural climate change produces C swings in Antarctic temperature. Man-made climate change produces C swings.‚Ä¶
-1,RT @Uniocracy: To combat 'climate change'? You're having a f***ing laugh!  #OpChemtrails
-1,
-1,
-1,"RT @Carbongate: Physicist ‚Äì CO does not cause climate change, it RESPONDS to it.
 "
-1,
-1,
-1,
-1,RT @steph: Libs are so mad that we don't have to buy into their climate change cult nonsense anymore.
-1,
-1,"RT @TombxM: Can't wait for that global warming thing to kick in.
 #blizzard "
-1,
-1,"RT @Uniocracy: The UN blames you for climate change, meanwhile ignores this 
 .#OpChemtrails"
-1,
-1,"RT @LouDobbs: Federal scientist cooked climate change books, whistle blower charges via the @FoxNews App #MAGA #TrumpTrain #Dobbs ‚Ä¶"
-1,"RT @BigStick: Breaking 
Whistle Blower: Federal scientist cooked climate change books ahead of Obama presentation ‚Ä¶"
-1,RT @goburch: I just aint believing all that global warming bunk. 
-1,RT @PrisonPlanet: The so-called ‚ÄúConsensus‚Äù on global warming is a massive lie. 
-1,
-1,
-1,"RT @LouDobbs: Left Anti-Science, Pro-Fraud: World leaders duped by manipulated global warming data  via @MailOnline‚Ä¶"
-1,
-1,
-1,"RT @kwilli: Attention all liberals, Macron offers you ‚Äúrefugee‚Äù status. Please move and leave USA ASAP over climate change! ‚Ä¶"
-1,RT @tan: 'Apple could not resist pushing the global warming religion as part of its ‚ÄúEarth Day‚Äù political blitz on iOS users' ‚Ä¶
-1,
-1,RT @kcjw: Dr. Roger Pielke Jr.: ‚ÄòThe science ain‚Äôt there‚Äô to link extreme weather to ‚Äòclimate change‚Äô  #feedly
-1,
-1,"RT @railboy:  Inches of global warming on I- between Cheyenne, Wyo. And Laramie, Wyo. This week....@algore unavailable for c‚Ä¶"
-1,RT @theblaze: Rick Perry urges more conversation about the unsettled science of climate change  ‚Ä¶
-1,
-1,
-1,"RT @Rick_Stuart: Concussion is like climate change

It isn't real

Stop listening to so called 'doctors'.

If they have never played how‚Ä¶"
-1,
-1,
-1,"RT @LeahRBoss: The left's meltdown is causing global warming. ÔøΩÔøΩ

 #WhyWeMustImpeachTrumpInWords"
-1,
-1,RT @JunkScience: NOAA is adjusting temperature data to match global warming theory. ‚Ä¶ 
-1,"RT @charliekirk: I am not concerned about global warming 

I am however terrified of global government"
-1,
-1,
-1,
-1,RT @TrumpNewYorker: The concept of global warming was created by and for the Chinese in order to make U.S. manufacturing non-competitiv‚Ä¶
-1,"RT @Carbongate: Physicist - CO does not cause climate change, it RESPONDS to it - Video "
-1,"RT @licialopez: good news: our next president doesn't believe in climate change!! at least we'll have a good economy though, earth ain't√É¬¢√¢‚Äö¬¨√Ç¬¶"
-1,
-1,RT @JessieJaneDuff: These Obama people just won't go away: McCarthy drove Obama's¬†climate change¬†agenda and now plans to keep tabs on T‚Ä¶
-1,
-1,
-1,RT @davidicke: University scientists claim left-wing violence is caused by global warming‚Ä¶ 'the planet made them do it'‚Ä¶
-1,RT @CommonSense: There is no evidence of man made climate change. Warm days at the beach are always appreciated. 
-1,RT @CounterMoonbat: The people who predicted parts of Manhattan would be underwater by  due to climate change are concerned about 'fake‚Ä¶
-1,"RT @LeahRBoss: North Korea is what happens after  years of fighting over bathrooms, and whether or not cow farts cause global warming."
-1,RT @kwilli: Al Gore admits Paris Accord won't solve the issue of 'climate change.' 
-1,
-1,
-1,
-1,RT @AFreespeechzone: Merkley co-sponsors aggressive climate change bill @SenJeffMerkley #BullShit #FakeScience  http‚Ä¶
-1,RT @ClimateDepot: Spencer: 'What a powerful theory..even more amazing is climate change can be averted by just increasing your taxes' https‚Ä¶
-1,
-1,RT @sean_spicier: The President's plan to fight climate change is just about the most comprehensive no point plan ever conceived
-1,
-1,RT @chuckwoolery: Mayor of disappearing island faces Al Gore and shuts down global warming claim  via @theblaze
-1,RT @BreitbartNews: ‚ÄúWe who voted for you consider stopping this climate change madness one of your key promises.‚Äù 
-1,
-1,RT @ScottAdamsSays: Did you know the consensus of experts says climate change has been good for the planet and it will get even better‚Ä¶
-1,"RT @LadyDurrant: Waste of our money! There has been little benefit from a ¬£ billion foreign aid programme to tackle climate change.
https:‚Ä¶"
-1,"RT @climateviewer: Rockets, Harry Wexler, and REAL climate change 
Punching holes in the upper atmosphere causes chemical... ‚Ä¶"
-1,RT @KaptKan: The Russians are making the climate change!
-1,"RT @palmtile: Climate change and global warming is totally natural,stop wasting our money on a trying to stop itÔøΩÔøΩ it's impossible ‚Ä¶"
-1,
-1,RT @Liz_Wheeler: I wonder why climate change criers on the left don't protest #TaxDay? K trees are cut down yearly to produce paper for‚Ä¶
-1,
-1,
-1,
-1,
-1,RT @JohnStossel: Trump√É¬¢√¢‚Äö¬¨√¢‚Äû¬¢s election won√É¬¢√¢‚Äö¬¨√¢‚Äû¬¢t stop deceitful climate change propaganda: 
-1,
-1,RT @SteveSGoddard: Arctic sea ice extent is at a four year high. It is time for Republicans to stop supporting the global warming scam‚Ä¶
-1,
-1,
-1,RT @PrisonPlanet: Is there any kind of weather that global warming isn't responsible for? How convenient. 
-1,RT @MorattiJ: @cathmckenna Am so done with ridiculous language from politicians like 'climate change' &amp; 'carbon taxes' while they‚Ä¶
-1,
-1,
-1,
-1,RT @realDonaldTrump: The concept of global warming was created by and for the Chinese in order to make U.S. manufacturing non-competitive.
-1,
-1,
-1,RT @AlexEpstein: % of scientists do not agree that climate change will be catastrophic or with Bill Ritter‚Äôs policy solutions. ‚Ä¶
-1,
-1,
-1,
-1,
-1,
-1,
-1,
-1,
-1,RT @USFreedomArmy: Nothing worse than climate change now is there. Enlist with us &amp; read the truth at  Act!! https:‚Ä¶
-1,
-1,RT @jeffpearlman: But climate change is a hoax. Go back to watching the Kardashians. 
-1,
-1,RT @ZehDuck: I just spilled orange juice on my shirt.  I can't decide on whether to blame the Russians or climate change. ü§î
-1,
-1,RT @BennyMoody: Environmental scientists from New York planning to travel and speak on global warming are going to be snowed in during mi‚Ä¶
-1,
-1,
-1,RT @BABYG: climate change is a myth 
-1,
-1,
-1,
-1,RT @realDonaldTrump: The concept of global warming was created by and for the Chinese in order to make U.S. manufacturing non-competitive.
-1,RT @theblaze: Watch: Bill Nye blows gasket when a real scientist schools him on facts about ‚Äòclimate change‚Äô‚Ä¶
-1,
-1,
-1,"RT @SteveSGoddard: It was very warm in the 's. This wrecked @NASA's fake global warming story, so they erased the prior warmth.‚Ä¶"
-1,"RT @EducationLibs: Facts: There are  genders, global warming is made up, the pay gap isn't real, women have equal rights, guns save lives‚Ä¶"
-1,
-1,
-1,
-1,RT @kwilli: JW suspects fraud ‚Äòscience‚Äô behind the Obama EPA - a scheme to end coal under the guise of fighting global warming. https:/‚Ä¶
-1,"RT @AlanJones: The final nail in the global warming coffin. Read it and weep 

"
-1,"RT @RedHotSquirrel: When the much-publicised global warming hits the Northern Hemisphere in :

Greenland's icecap hits record
Switzerla‚Ä¶"
-1,RT @sean_spicier: Getting set up in my office. Found stacks of manuals titled 'How climate change causes terrorism.' Should be good kindlin‚Ä¶
-1,"RT @JaredWyand: Steve Bannon means bye bye to the climate change scheme we're spending $,,, a year on for 'research'

√É¬¢√¢‚Äö¬¨√Ç¬¶"
-1,RT @hockeyschtick: 'When climate change warriors can‚Äôt keep their stories straight' 
-1,"RT @TwitchyTeam: Tree-huggin‚Äô hippie! Man walking BAREFOOT across America to protest climate change, ‚Äòsave the earth‚Äô 

‚Ä¶"
-1,
-1,RT @Thomas_Hern: You might be a liberal if you'd rather fight climate change instead of ISIS.
-1,RT @drrimer: @TTrogdon @chrislhayes And there is no climate change. #Trump
-1,
-1,RT @DineshDSouza: CLIMATE SCIENCE ACCORDING TO THE LEFT: We know global warming is real if it gets hotter--or colder 
-1,
-1,
-1,
-1,
-1,RT @theblaze: Watch: CNN anchor tries to tie Hurricane Harvey to climate change ‚Äî then scientist confronts him with truth‚Ä¶
-1,
-1,
-1,RT @realDonaldTrump: The concept of global warming was created by and for the Chinese in order to make U.S. manufacturing non-competitive.
-1,RT @InfoWarsChannel: Exposed: How world leaders were duped into investing billions over manipulated global warming data ‚Ä¶
-1,
-1,
-1,
-1,RT @realDonaldTrump: Windmills are the greatest threat in the US to both bald and golden eagles. Media claims fictional √É¬¢√¢‚Äö¬¨√ã≈ìglobal warming√É¬¢√¢‚Äö¬¨√¢‚Äû¬¢ is√É¬¢√¢‚Äö¬¨√Ç¬¶
-1,RT @barelypolitix: 'Earth Weekend' is a good time to recall that man-made climate change is a huge hoax designed by Liberals to centralize‚Ä¶
-1,"RT @SteveSGoddard: Gina McCarthy was completely unqualified and incompetent, but she supported the global warming scam - and that made‚Ä¶ "
-1,"RT @Chairmnoomowmow: Before you sit for a lecture about climate change from a california liberal, take a look at the job they're doing.√É¬¢√¢‚Äö¬¨√Ç¬¶"
-1,"RT @mitchellvii: If CO causes global warming and the warmer it gets, the more CO the oceans release, why isn't Earth Venus by now?"
-1,"RT @MNasanut: @yceek Are these 'scientists' the same ones that promulgated global warming and climate change? 
Pbbbbbbtttttttt ÔøΩÔøΩ"
-1,
-1,
-1,RT @HistoryTime_: The theory of global warming was first proposed on  September .  
-1,
-1,RT @LIBSRSCUM: Not one of these climate change alarmist claims has ever come true. 
-1,RT @MassDeception: NOAA got caught faking global warming temperature data‚Ä¶ so where is the apology for spreading fake science?‚Ä¶
-1,
-1,RT @sellumore: Had to go out and shovel  centimetres of global warming off of my driveway. 
-1,
-1,
-1,
-1,
-1,
-1,
-1,"RT @Miskonius: And so 'anti-science', since it continues to show up and ruin those beautiful global warming theories. ‚Ä¶"
-1,
-1,"RT @SteveSGoddard: In case I never mentioned it, catastrophic global warming is the biggest scam in science history - and is being run by c‚Ä¶"
-1,
-1,"RT @robbincanada: What's gonna be more important, Canada relation w/USA &amp; role in NATO or wasted tax payer climate change seat at UNSC."
-1,RT @StefanMolyneux: Advocacy for big government climate change programs is often connected to personally financially benefitting from those‚Ä¶
-1,RT @abdwj: @davidakin liberal motto..spend spend spend spend spend...tax tax tax tax tax...climate change..khadr is our hero
-1,RT @JudicialWatch: Obama admin officials may have mishandled scientific data to advance the political agenda of global warming ‚Ä¶
-1,
-1,RT @JunkScience: Of course Al Gore announces a new global warming movie as the US gets an Arctic blast. #GoreEffect 
-1,"RT @JaredWyand: Steve Bannon means bye bye to the climate change scheme we're spending $,,, a year on for 'research'

√É¬¢√¢‚Äö¬¨√Ç¬¶"
-1,RT @Marie: @deeaniels @AllenWest An oceans rising climate change panicer who has a waterfront mansion
-1,
-1,"RT @ZebulonPike: @luisbaram Definitely caused by global warming. Quick, hand over all your money!"
-1,RT @TeamTrump: .@realDonaldTrump will cut taxes &amp; cancel billions in global warming payments to the UN so we can use that money to√É¬¢√¢‚Äö¬¨√Ç¬¶
-1,RT @LgLg: Al Gore confronts little girl who says climate change is bullshit! 
-1,RT @CounterMoonbat: I moved from the south to Minnesota. Different climate. I bought a big-ass coat. I adapted to climate change.
-1,"RT @realDonaldTrump: It's freezing outside, where the hell is 'global warming'??"
-1,
-1,"RT @ARnews: Whistleblower admits scientists manipulated data, making global warming seem worse to help Obama  #a‚Ä¶"
-1,RT @realDonaldTrump: The concept of global warming was created by and for the Chinese in order to make U.S. manufacturing non-competitive.
-1,RT @SenatorMRoberts: The most profound change we are going to witness is the unceremonious dumping of climate change scams under a Trump Pr√É¬¢√¢‚Äö¬¨√Ç¬¶
-1,RT @LamarSmithTX: NOAA sr officials played fast &amp; loose w/data in order  meet politically predetermined conclusion on climate change htt‚Ä¶
-1,RT @PolitixGal: TOP Dept of Energy scientist was fired because he failed to toe the climate change agenda pushed by Obama. ‚Ä¶
-1,
-1,RT @reedsprague: Big Al: working to get his slice of the twelve trillion dollars he &amp; others are demanding for fake global warming. https:/‚Ä¶
-1,RT @sweetatertot: In the 's the so called 'scientists' were telling us the earth would freeze over now it's global warming ÔøΩÔøΩsmh‚Ä¶
-1,RT @tan: Climate change skepticism from a leftist: 'fear mongering around climate change needs to stop' 
-1,
-1,
-1,"RT @mitchellvii: To reduce global warming, Democrats are planning a trip to the Sun to turn it down. As a safety precaution, they will lan‚Ä¶"
-1,
-1,"RT @SaveLibertyst: Moore, co-founder of Greenpeace, says humans are NOT to blame for global warming, &amp; 'no scientific proof' climate c‚Ä¶ "
-1,
-1,RT @CrazyinRussia: Russians haven't got time for you climate change shit. 
-1,
-1,RT @EWErickson: Science is political. So you can‚Äôt trust science. But trust all the climate change scientists you bigots. ‚Ä¶
-1,"RT @Joeydoughnuts: @CharlieDaniels I would like to know if man made climate change exists, but there are no dinosaurs left to ask. The‚Ä¶"
-1,
-1,"RT @FightNowAmerica: The majority of scientists who say climate change is man-made received millions for their so-called 'research'.

Tr‚Ä¶"
-1,"RT @RawhideClover: There is not enough data to prove global warming. The earth has cycles, they have been messing with the atmosphere‚Ä¶ "
-1,
-1,
-1,
-1,"RT @DineshDSouza: .@FoxNews Once again, the bad guys are caught red handed cooking the data on climate change "
-1,
-1,RT @KGBVeteran: WATCH: Crazed leftist verbally assaults Trump supporter on a plane.  Then goes on bizarre rant about climate change. https:‚Ä¶
-1,
-1,
-1,
-1,
-1,"RT @JohnRiversX: Exposed: How world leaders were duped into investing billions over manipulated global warming data 
‚Ä¶"
-1,
-1,RT @SheriffClarke: Al Gore wasn't seeking common ground during  yrs of Obama. Was jamming global warming junk science down our throats htt‚Ä¶
-1,RT @realDonaldTrump: They changed the name from ‚Äúglobal warming‚Äù to ‚Äúclimate change‚Äù after the term global warming just wasn‚Äôt working (it‚Ä¶
-1,
-1,
-1,
-1,
-1,
-1,RT @brithume: Worth keeping these in mind amid the current doomsday predictions about climate change. 
-1,"RT @randykjo: The fake news (CNN) is trying to blame all this rainfall for towards global warming now, incredible that they know more than‚Ä¶"
-1,"RT @SteveSGoddard: Dear #peoplesclimatemarch 
Is it OK to bring snowshoes and Arctic clothing to the Denver global warming protest tom‚Ä¶"
-1,"RT @hale_razor: When Russia hacks the Pentagon, Obama says the greatest threat is climate change. Make Donna Brazile look bad? War! https:/‚Ä¶"
-1,
-1,
-1,
-1,
-1,
-1,RT @TeamTrump: .@realDonaldTrump will cut taxes &amp; cancel billions in global warming payments to the UN so we can use that money to√É¬¢√¢‚Äö¬¨√Ç¬¶
-1,RT @BenWilhelm: Alt: Tens of thousands of gullible fools who think man-made climate change is a thing used fossil-fuel powered vehi‚Ä¶
-1,
-1,
-1,
-1,RT @Nappers: Bill Nye blows gasket when a real scientist schools him on facts about ‚Äòclimate change‚Äô - Hot news - YouTube ‚Ä¶
-1,"RT @larryelder: Lefties, who reject oil company anti-global warming studies, embrace gov't health care studies that 'prove' the need for mo‚Ä¶"
-1,"RT @goddersbloom: Man made apocryphal climate change, is it the longest running State sponsored scientific scam in the history of man‚Ä¶ "
-1,RT @weknowwhatsbest: A whistleblower says the only global warming occurring in the last  years was caused by the Obama administration coo‚Ä¶
-1,
-1,
-1,RT @TelcoJ: Bill Nye whines at CNN for having actual SCIENTIST on who doesn‚Äôt support climate change doctrine 
-1,RT @realDonaldTrump: The concept of global warming was created by and for the Chinese in order to make U.S. manufacturing non-competitive.
-1,"RT @PrisonPlanet: If you don't believe in man-made climate change you're a 'white supremacist'.

FAKE NEWS. ü§ó "
-1,"RT @hvd: It's not denial, it's FACT. Show me your scientific evidence that global warming is man made and I'll apologize for‚Ä¶ "
-1,
-1,"RT @ritholtz: DOUBLEPLUSGOOD

Energy Department climate office bans use of phrase ‚Äòclimate change‚Äô 
"
-1,
-1,"RT @AndyHortin: .@VP: 'For some reason, this issue of climate change has emerged as a paramount issue for the left. #MAGAÔøΩÔøΩÔøΩÔøΩÔøΩÔøΩÔøΩÔøΩ ‚Ä¶"
-1,"RT @_Makada_: Liberals call anyone skeptical of their bullshit a 'denier.' Man made climate change is a HOAX. CO is NOT poison.

#IAmAClim‚Ä¶"
-1,"RT @foxandfriends: .@guypbenson Regardless of your thoughts on climate change policy, alarmist rhetoric like 'Trump helped hurry our e‚Ä¶"
-1,
-1,
-1,"RT @SteveSGoddard:  was the hottest year on record in the US. That didn't suit the global warming agenda, so @NASA erased the heat‚Ä¶"
-1,
-1,RT @USFreedomArmy: Now we know the real reason for the climate change hysteria. Enlist with us at  Join our pa‚Ä¶
-1,
-1,
-1,
-1,RT @SteveSGoddard: The global warming is bad in Vermont on the first day of Spring 
-1,
-1,
-1,"RT @Martin_Durkin: Wonderful Trump appoints the charming, clever, sane Myron Ebell to take on the global warming charlatans. Hurrah!!! http√É¬¢√¢‚Äö¬¨√Ç¬¶"
-1,
-1,
-1,"RT @GMBnumba: Obama could've spent the $mil that he spent on climate change models, on things like helping inner city communities."
-1,"RT @BittrScrptReadr: On a day of total humanitarian horror, Bernie Sanders is tweeting about... climate change and Wall Street.

Hootie has‚Ä¶"
-1,
-1,"RT @AdolfBiden: Dumbass liberals claim to believe 'climate change' is going to cause the seas to rise, yet they all own beach house√É¬¢√¢‚Äö¬¨√Ç¬¶"
-1,"RT @MarkYoungTruth: Wow, now Hillary is blaming the DNC? It's only a matter of time before she blames global warming and Bigfoot. Dems‚Ä¶"
-1,"RT @SteveSGoddard: If you can read this post and still be a believer in the global warming scam, then you are an idiot.‚Ä¶"
-1,
-1,
-1,RT @sdmeaney: @DailyCaller The Don &amp; Vlad skipping out on the climate change meeting to talk about ISIS and other more important issues
-1,
-1,RT @jrjc: At least  ice ages were ended by global warming when no humans or SUVs were present to cause global warming‚Ä¶
-1,"RT @SteveSGoddard: Sad news : The #fakenews @guardian says global warming killed us all two years ago.
 ‚Ä¶"
-1,RT @CStamper_: Dems'  strategy: promise people they'll solve climate change by making everyone poor. Sounds like a real winner. https:/‚Ä¶
-1,
-1,
-1,RT @brobert: @AnnCoulter #MichaelCreighton addressed #environmental zealots. They have replaced religion with #climate change ‚Ä¶
-1,RT @PrisonPlanet: A bunch of Oxford elitists want to tax the food of poor people because 'climate change'. How about fuck off instead? http√É¬¢√¢‚Äö¬¨√Ç¬¶
-1,RT @AnnCoulter: New study: Whole galaxies nearby are dying off.  So global warming a lot worse than we thought!
-1,"RT @LarrySchweikart: Bravo Rick Perry, who told Energy Dep. not to use 'climate change' or 'Paris Agreement' in memos!"
-1,
-1,"RT @realDonaldTrump: It's freezing outside, where the hell is 'global warming'??"
-1,RT @OurHiddenHistry: Bill Nye the Policeman Guy is going to lock you up for thinking something about global warming. Sez Newsmax. ‚Ä¶
-1,"RT @tylerabbett: @jacobahernz it's climate change, which is nature doing its thing, it's not global warming lmao"
-1,
-1,RT @ClimateNewsCA: HALF of #Arctic ice loss is driven by natural swings and not man made global warming  Cc: @Earthf‚Ä¶
-1,RT @CarmineZozzora: 's coming ice age scam caused global warming which caused climate change which caused the climate disruption th‚Ä¶
-1,"RT @T_S_P_O_O_K_Y: Why would a political scientist, Noam Chomsky, speak out on global warming - because it's political, not scientific htt√É¬¢√¢‚Äö¬¨√Ç¬¶"
-1,
-1,
-1,
-1,"RT @os: Whistleblower admits scientists manipulated data, making global warming seem worse to help Obama "
-1,RT @WSCP: Another global warming argument bites the dust: No Increase in Global Drought Over Past  Yrs:  #Climate√É¬¢√¢‚Äö¬¨√Ç¬¶
-1,
-1,
-1,"RT @ClimateRealists: Three Cheers: New global warming study is terrible news for alarmists, good news for plants, animals and people https:‚Ä¶"
-1,
-1,"RT @peddoc: Males XY
Females XX
Abortions are human fetuses.
Manmade global warming has not been proven. 
Now, Do you believe i‚Ä¶"
-1,RT @PatriotMomNDJ: Mayor of disappearing island faces Al Gore and shuts down global warming claim: 
-1,"RT @hale_razor: Each ISIS attack now is a reaction to Trump policies, but all ISIS attacks during Obama's term were due to climate change &amp;‚Ä¶"
-1,
-1,"RT @meyers: Finally, Paris climate change agreement designed by crooks- #Trump is not buying this crap "
-1,
-1,RT @markconway: CO is not a driver of global warming &amp; the globe is not warming. What else do you need to know? The money is what. https:‚Ä¶
-1,"RT @LarrySchweikart: Under Trump, EPA to fix Flint's water supply instead of farting around with non-existent 'climate change.' 

Real poli‚Ä¶"
-1,
-1,
-1,"RT @Dwarfclone: @DocThompsonShow #WhatILearnedToday

How can there be 'global warming' when college campuses are so overrun with 'snowflake√É¬¢√¢‚Äö¬¨√Ç¬¶"
-1,"RT @SpeakeasyJames: Tell that to the zealots of climate change here in Ontario. Huge waste of borrowed money x elec costs.
Brutal https://‚Ä¶"
-1,"RT @WalshFreedom: Trump picks someone to head up the EPA who has the nerve to question the veracity of global warming.

That's just awesome‚Ä¶"
-1,
-1,"RT @jeffswarens: Nope. 

Climate change is real and naturally occuring.

Man made climate change is a joke. "
-1,RT @RyanMaue: Those people losing sleep due to climate change are murdering each other at night. Crime skyrockets. 
-1,RT @seanhannity: NEXT Bill Cunningham and @MonicaCrowley weigh in on the left and media talking about ‚Äúfake news‚Äù and climate change  #Hann‚Ä¶
-1,RT @worldnetdaily: Sorry global warming liars... Arctic sea ice today is about the same thickness as it was  years ago. ‚Ä¶
-1,"RT @Dork_Power: #IfOnlyTheEarthCouldSpeak, it would tell everyone climate change has been occurring since Earth: Day ."
-1,"RT @SteveSGoddard: If you follow me on twitter and read my blog, you know that catastrophic global warming is the biggest scam in science h‚Ä¶"
-1,RT @RossGittins: Climate change? What climate change?  #climatechange #ausecon #ausbiz #auspol
-1,RT @DineshDSouza: The Democrats--with time on their hands--are working on some amazing ideas to end climate change on Mars ‚Ä¶
-1,
-1,
-1,
-1,RT @JunkScience: We don't 'believe' in gravity. It is a predictable force.... in contrast to climate change which is not predictable‚Ä¶
-1,RT @theblaze: Liberals have epic meltdown after NYT columnist suggests science behind climate change isn‚Äôt certain‚Ä¶
-1,"RT @ANow: The Science Is Settled LIARS
World leaders duped by manipulated global warming data  via‚Ä¶ "
-1,
-1,
-1,RT @Stevenwhirsch: Remember when Al Gore predicted the ice caps would melt by ? Man has nothing to do with climate change. It's a‚Ä¶
-1,RT @derekahunter: Now they make  year predictions of doom &amp; gloom for climate change because no one will be around to call BS when it do‚Ä¶
-1,RT @paulbenedict: @Rubysayzz @theblaze People believing global warming &amp; Darwin will believe anything. Sad when an enemy makes more s‚Ä¶
-1,
-1,RT @ChrisIsTheSaint: @SupaBudda @xKidxGuccix Cause climate change is just as retarded as his 'music'... 'Yeah' *Uzi's gay ass voice*
-1,"RT @mmccdenier: Trump has the shovel now, and it's time to bury the pseudoscience of climate change... "
-1,"RT @BienMart: Turnbul is not a scientist, worse, he believe scientist who are paid to lie about 'global warming' it is good for b‚Ä¶"
-1,"RT @SteveSGoddard: Nobody personally sees any evidence of climate change. When the funding is cut off, the scam dies. ‚Ä¶"
-1,"RT @realDonaldTrump: It's freezing outside, where the hell is 'global warming'??"
-1,
-1,
-1,"RT @GOPBullhorn: Obama blames ISIS on climate change, guns &amp; George Bush.

If we could all just follow his model in Chicago....

#ObamaLega‚Ä¶"
-1,RT @RedHotSquirrel: I believe that man-made global warming is a devious money-making scam designed to feather the nests of the rich at the‚Ä¶
-1,RT ltoddwood 'BlueStates no that is not true...the  did not get their sign off...its a lie...just like climate change...why they don't w‚Ä¶
-1,RT @SteveSGoddard: Warm days are climate. Cold days are caused by climate change.
-1,"RT @JoshNoneYaBiz: Last I checked climate change wasn't running people over with trucks, shooting up nightclubs, or raping the women of Eur‚Ä¶"
-1,"RT @bfraser: üá∫üá∏üá∫üá∏ #AmericaFirst 

'It's crazy to think that climate change takes priority over terror.' ~ @greggutfeld‚Ä¶ "
-1,RT @MousseauJim: Record breaking STUPIDITY makes you a Green Party Leader. We all know climate change is a scam. Give it up morons. https:/‚Ä¶
-1,
-1,
-1,RT @um: Murdoch 'climate change' sons along w moslem major stockholder are destroying FoxNews. Maybe our new place:‚Ä¶
-1,
-1,"RT @MORECENTS: @DCTFTW @cathmckenna Yeah Cathy, Did my SUV cause this ? MANN-MADE-UP global warming is a scam"
-1,
-1,RT @KTHopkins: Pruitt is not a climate change denier. He is a brave acceptor that climate change is a naturally recurring process. #PruittS‚Ä¶
-1,RT @lukesilka: @Besnaz climate change is a hoax! Anways what would a hurricane have to do with it?
-1,RT @CounterMoonbat: The people who predicted parts of Manhattan would be underwater by  due to climate change are concerned about 'fake√É¬¢√¢‚Äö¬¨√Ç¬¶
-1,
-1,RT @_Makada_: Pope Francis gave Trump a book of his writings on 'climate change.' He wants to tax cars while he lives in a palace &amp; flies a‚Ä¶
-1,RT @antiecm: They will go back to global warming soon. See Winter is over and Summer is coming. Why are so confused? You are ri‚Ä¶
-1,"RT @SoCalTrump: Last year the government spent $, of your tax dollars on a climate change musical. This is the WASTE that the‚Ä¶"
-1,
-1,
-1,
-1,
-1,
-1,
-1,"RT @EladHutch: Sharia law has hurt more people than, 'climate change'. #Fact

#MarchAgainstSharia"
-1,"RT @DixonDiazU: Liberals: Weather is not the same as climate.

Also Liberals: See this bad weather? That's climate change."
-1,
-1,
-1,"RT @BrosukeH: It's also why the liberals want to stop global warming

Their lizard overlords are literally being COOKED ALIVE"
-1,"RT @SonofLiberty: As a Texan, I totally believe in climate change, in Texas we call it seasons. #climatemarch"
-1,"RT @timgw: Surprise TRUTH about global warming revealed, liberals SILENT‚Ä¶   AllenWest

Surp‚Ä¶"
-1,"RT @shelliecorreia: The term 'climate change', was coined to give them a free pass on the climate.  Whether it is hot or cold, it is al‚Ä¶ "
-1,"RT @SouthLoneStar: Mentally disabled liberals protesting against climate change.
They completely lost touch with reality.
#climatemarch htt‚Ä¶"
-1,RT @JunkScience: Exclusive Photo! American Meteorological Society meets to attribute 's bad weather to climate change.‚Ä¶
-1,
-1,RT @LifeSite: Vatican helps the Catholic Left elect Democrats by creating a new ‚Äònon-negotiable‚Äô: climate change. 
-1,RT @Stevenwhirsch: Wake up libs! Radical Islamic terrorism is a much bigger threat than climate change. We're lucky to have a POTUS wh‚Ä¶
-1,
-1,
-1,
-1,
-1,
-1,
-1,RT @ian_mckelvey: Republicans don't ignore 'climate change'. We simply recognize it for what it is: a very large-scale wealth redistr‚Ä¶
-1,
-1,
-1,RT @SteveSGoddard: The IPCC is a governmental organization whose sole purpose from day one was to push global warming propaganda. ‚Ä¶
-1,"RT @RonNehring: If the 'solution' to 'climate change' was lower taxes, smaller government, and more freedom, would leftists still be intere‚Ä¶"
-1,
-1,RT @BobRey: Some millennials actually believe that they are going to die young because of climate change. How stupid is that?√É¬¢√¢‚Äö¬¨√Ç¬¶
-1,"RT @realDonaldTrump: It's freezing outside, where the hell is 'global warming'??"
-1,
-1,
-1,"RT @BasedElizabeth: Liberals are more worried about Islamaphobia (which they invented, kind of like global warming) than they are about‚Ä¶"
-1,RT @davidharsanyi: Does it bother any of these preening journalists that climate change predictions have been laughably wrong for the past‚Ä¶
-1,
-1,
-1,RT @akselgarry: Don't need to worry about climate change in Europe. In time the Muslims will have killed everyone before mother nat‚Ä¶
-1,"RT @TheRenewALL: 'Hello viewers of #CNN There is NO global warming'
Founder of weather channel to #CNNisISIS

#Trump #DrainTheSwamp‚Ä¶"
-1,RT @SteveSGoddard: Worried about climate change 
-1,RT @redsteeze: That's not climate change currently turning your city into a war zone 
-1,RT @daveaps: @KGBVeteran Aren't these the same assholes screaming global warming so they light a diesel generator on fire and create haza‚Ä¶
-1,RT @DylanHBroady: Inner-city neighborhoods have become WAR ZONES but 'global warming' is our biggest issue? NO JOBS but 'transgender' issue‚Ä¶
-1,
-1,
-1,"RT @DavidLimbaugh: Analogously, if you adopt all the Left‚Äôs draconian climate change policies you don‚Äôt change mean temperature appreciably‚Ä¶"
-1,
-1,RT @realDonaldTrump: Windmills are the greatest threat in the US to both bald and golden eagles. Media claims fictional √É¬¢√¢‚Äö¬¨√ã≈ìglobal warming√É¬¢√¢‚Äö¬¨√¢‚Äû¬¢ is√É¬¢√¢‚Äö¬¨√Ç¬¶
-1,
-1,"RT @sean_spicier: You know they're going to ruin it w/all the, 'What the eclipse tells us about climate change' hysteria in the aftermath
#‚Ä¶"
-1,"RT @TedKaput: Liberal tears may soon beat climate change as the leading cause of rising sea levels.#TrumpRiot
We are the√É¬¢√¢‚Äö¬¨√Ç¬¶"
-1,"RT @PolitixGal: When govt controls scientific research via grant money, there is no truth, only agenda. Obama Regime pushed global warming."
-1,"RT @mitchellvii: In case you worried about Trump meeting Al Gore, he just tapped a major manmade climate change denier to head the EPA. Lib‚Ä¶"
-1,RT @SteveSGoddard: The global warming is bad in New York today 
-1,"RT @RyanMaue: Just read through the study supposedly entirely refuting Scott Pruitt on climate change. Nope, they actually confirmed exactl‚Ä¶"
-1,RT @MikePenceVP: Nice to see @ElonMusk complaining about climate change while he's flying around in his Private Jet. Hypocrite! ‚Ä¶
-1,"RT @KiranOpal: Communist agenda:

pm: read a bedtime story to the kids about how climate change was reversed by collective innovation &amp; co‚Ä¶"
-1,
-1,RT @saifedean: The idea that there is a consensus among scientists on CO emissions causing global warming only exists in media &amp; PR releas‚Ä¶
-1,
-1,
-1,"RT @joelpollak: If you pretend the first Category  hurricane in  years has anything to do with global warming, you're not a scie‚Ä¶"
-1,"RT @loftyjester: Of course they have, fuck all to do with FAKE climate change, all to do with trade partnerships. "
-1,
-1,
-1,
-1,
-1,"RT @Cernovich: Same 'experts' who said Hillary would win claim 'climate change' is real. LOL! Go away, morons, you know nothing and you los√É¬¢√¢‚Äö¬¨√Ç¬¶"
-1,RT @CampersHaven: @docdhj @warrenwarmachi Thank you @realDonaldTrump climate change is a fake and a way to get money for globalist
-1,
-1,RT @SteveSGoddard: California is suffering some particularly severe global warming this year 
-1,"RT @petefrt: Exposed: How world leaders were duped into investing billions over manipulated global warming data 

#tcot #p‚Ä¶"
-1,
-1,
-1,
-1,
-1,RT @USFreedomArmy: Climate change (proven). Man-made global warming (unproven). Separate fact from fiction at http://t.co/WGxVIFdVZ. http√É¬¢√¢‚Äö¬¨√Ç¬¶
-1,"RT @PolitiBunny: You just proved my point - if climate change were a thing, banning hunting wouldn't matter. Bears would be dying an‚Ä¶"
-1,
-1,
-1,
-1,
-1,RT @InfidelAnna: @RobinWhitlock because of 'climate change''?? Stop making me laugh üòÇüòÇüòÇüòÇ
-1,"RT @RealAssange: Just a thought:

I cant remember if @algore invented the internet before or after he invented global warming."
-1,RT @kwilli: CNN's Brian Stelter destroyed by Weather Channel founder John Coleman over global warming. It is a hoax. ‚Ä¶
-1,
-1,RT @LiberalLogic: Liberals are always talking about how science confirmed climate change but at the same time talking about how there‚Ä¶
-1,"RT @mitchellvii: Larry King, 'Everyone can tell there's global warming!' Really? Even believers say its been about  degree in  years. C‚Ä¶"
-1,"RT @PaulCarfoot: No Scientist denies climate change, #climate is changing all the time, whether it be warming or cooling, it always‚Ä¶ "
-1,
-1,
-1,"RT @geertwilderspvv: No Mr. President terrorism is not linked to climate change but to Islam. 

I will spell it for you: 

I S L A M https:‚Ä¶"
-1,
-1,RT @PrisnPlant: Anyone lecturing me about the 'science' behind global warming explain this 'science'; I was born with  ball &amp;  toes. F‚Ä¶
-1,
-1,
-1,RT @martinhume: EPA Chief admits that carbon dioxide is not a primary contributor to global warming ‚Äì  ‚Ä¶
-1,
-1,"RT @joshgremillion: .@BarackObama screeched and cried about global warming. Now retired, he is on a  ft yacht in Tahiti. #Hypocrite #mag‚Ä¶"
-1,
-1,RT @USFreedomArmy: The real global warming based on BHO foreign policy. Fight back for America. Enlist ----&gt; http://t.co/oSPeYQMpH. http:/‚Ä¶
-1,RT @cosmofghjkl: not buying into that jewish global warming propaganda or whatever
-1,
-1,RT @ClimateTruthNow: The science fiction of man-made global warming is rapidly being exposed by legitimate climate science: √É¬¢√¢‚Äö¬¨√Ç¬¶
-1,RT @YeahKenOath: @TurnbullMalcolm If you and your climate change wanker set hadn't dictated that we had to save the world by cutting‚Ä¶
-1,RT @JoePcbfirearms: @kbari @gato_gator @weeklystandard that's what the global warming agenda was really about. Contracts. Wake up! #corr‚Ä¶
-1,
-1,
-1,RT @Doc_: The Great Anti-Trump Bellwether Election is like global warming: the apocalypse is rescheduled each time it fails to materialize.
-1,
-1,
-1,"RT @SteveSGoddard: - @NASA has tripled global warming since the year , during a time when satellites show no temperature increase.√É¬¢√¢‚Äö¬¨√Ç¬¶"
-1,RT @JaredWyand: It's not. Man made climate change isn't real at all lol. 
-1,"RT @ABPolitical: This has NOTHING to do with the 'climate change' SCAM &amp; EVERYTHING to do with funding the RADICAL UN, agenda √É¬¢√¢‚Äö¬¨√Ç¬¶"
-1,
-1,"RT @NotJoshEarnest: As usual, we're right again. Yesterday's hijacking was all about climate change. The hijackers wanted to trade Libya's‚Ä¶"
-1,RT @jerome_corsi: In one hour TRUMP ANNOUNCES -- USA completely PULLS OUT of PARIS CLIMATE ACCORD - will cause looney left climate change h‚Ä¶
-1,
-1,"RT @trutherbotgreen: Evidently some of you have never seen that @algore's chart shows CO levels increase FOLLOWING global warming, rather‚Ä¶"
-1,"RT @pablothehat: @NickFerrariLBC 
How world leaders were duped into investing billions over manipulated global warming. 
‚Ä¶"
-1,
-1,RT @ppalotay: Another day in paradise lost #toronto #chemtrails #geoengineering #srm global warming hoax 
-1,
-1,
-1,"RT @SwampBabe: @UKMoments Wait, I thought climate change was a bigger threat than ISIS. where is the rabid faux outrage now, snowflakes??"
-1,RT @Mrfarrago: ‚Äúcatastrophic man-made global warming‚Äù is nothing more than an elaborate hoax   ‚Ä¶
-1,RT @lovabledeplora: @nytimes Wow.. this is profound insight.. better let the global warming folks know cause their cause is proven FAKE no‚Ä¶
-1,"RT @LemieuxLGM: Or for the federal courts being packed by judges who think the th Amendment is a myth, like global warming ‚Ä¶"
-1,"RT @LindaSuhler: The NOAA global warming fraud just revealed is what happens if you pay ppl to PROVE a hypothesis.
You get BAD science &amp; WO‚Ä¶"
-1,
-1,
-1,
-1,RT @mikandynothem: Antarctic ice at record high levels. Scientists cannot explain the expanding ice with fabled 'global warming'.‚Ä¶
-1,RT @DRUDGE_REPORT: Veers off script on 'climate change'... 
-1,
-1,RT @Ted_Macc: @ElGrumpisimo Since it's conception climate change has had different names to suit the agenda.  years of predictions haven'‚Ä¶
-1,RT @sarahlyonsinc: There is no such thing as man made climate change. Problem solved. #StepsToReverseClimateChange 
-1,RT @realDonaldTrump: The concept of global warming was created by and for the Chinese in order to make U.S. manufacturing non-competitive.
-1,
-1,
-1,
-1,
-1,"RT @BIZPACReview: Whistleblower admits scientists manipulated data, making global warming seem worse to help Obama‚Ä¶ "
-1,RT @AMike: CON ARTIST Al Gore group demands $ trillion to fight global warming #mat ‚Ä¶
-1,"RT @mmccdenier: The Trudeau gov luvs  call Cdns who don't believe man-made global warming, ‚Äúclimate deniers.‚Äù
That would be me ‚Ä¶"
-1,RT @theboltreport: WATCH: The former head of Australia's National Climate Centre says we shouldn't be panicked by the global warming s‚Ä¶
-1,
-1,RT @foxandfriends: .@GiannoCaldwell: For Al Gore to compare civil rights to climate change shows the Dem Party isn‚Äôt ready to offer re‚Ä¶
-1,
-1,"RT @NatShupe: So Obama and Hillary had nothing to do with this, climate change caused this.  Got it. "
-1,
-1,RT @AMike: Looney Denmark calls for tax on red meat because cattle flatulence 'is causing climate change' | Daily Mail Online ‚Ä¶
-1,
-1,RT @CrazyinRussia: Russians are sick of your global warming. 
-1,"RT @SteveSGoddard: We can focus on actual environmental problems, rather than imaginary climate change. "
-1,RT @SteveSGoddard: Democrats believe that imaginary climate change is the most serious threat the world faces. It is much easier than‚Ä¶
-1,
-1,
-1,
-1,
-1,
-1,RT @jchr: BBC News concentrates on Trump &amp; global warming with great negativity. Trump will out the GW liars &amp; engage sensible science.
-1,
-1,
-1,"RT @AssaadRazzouk: Here we go again: Reckless G wants to ramp up global warming dangers

#climate "
-1,
-1,
-1,RT @SteveSGoddard: The global warming is particularly bad here in Colorado today. 
-1,RT @reveldor: Does our Prime Minister really believe that global warming happened in . Please tell him that it started  years ago.
-1,RT @mindthet: Libtards get so triggered by healthcare and climate change now if you'll excuse me I have to bust my door down beca‚Ä¶
-1,RT @PrisonPlanet: A bunch of Oxford elitists want to tax the food of poor people because 'climate change'. How about fuck off instead? http√É¬¢√¢‚Äö¬¨√Ç¬¶
-1,
-1,RT @realDonaldTrump: The concept of global warming was created by and for the Chinese in order to make U.S. manufacturing non-competitive.
-1,
-1,RT @tan: Brainwashed kid (): 'The world is just going to become bleak and boring if we don‚Äôt stop (climate change)' ‚Ä¶
-1,
-1,
-1,"RT @SenatorMRoberts: Yes. A , paper on the flaws of climate change scams. I have a website with all of my research. √É¬¢√¢‚Äö¬¨√Ç¬¶"
-1,
-1,RT @JohnColemanMRWX: A bombshell about the bad CO science about climate change. Dr John Bates retires from NOAA and spills the beans.‚Ä¶
-1,"RT @spark_show: Christ. 
This is why we will be wiped out in the future. Not climate change. This. 
#PussyGeneration "
-1,
-1,RT @TeamTrump: .@realDonaldTrump will cut taxes &amp; cancel billions in global warming payments to the UN so we can use that money to√É¬¢√¢‚Äö¬¨√Ç¬¶
-1,
-1,RT @hrkbenowen: Bill Nye whines at CNN for having actual SCIENTIST on who doesn‚Äôt support climate change doctrine 
-1,RT @peacelovedixie: @CraigRBrittain @balkan_princeza Can we please stop calling it 'climate change research' and call it what it is: social‚Ä¶
-1,
-1,"RT @NewtTrump: The Trump administration just disbanded a useless federal advisory committee on 'climate change'

Drain the Swamp! ‚Ä¶"
-1,RT @darreljorstad: Funny as hell! Canada demands 'gender rights' and 'climate change' in a trade deal while Soviet dairy boards untouc‚Ä¶
-1,"RT @Stevenwhirsch: Thankfully, America has a President that recognizes Radical Islamic Terrorism is a bigger threat than climate change.‚Ä¶"
-1,
-1,
-1,
-1,RT @npnikk: Obama debunks global warming hoax - that is THREAT from SPACE he afraids .. STUNNNING ... 
-1,"RT @MattWakhu: RT ‚Äú@realDonaldTrump It's freezing outside, where the hell is 'global warming'??‚Äù "
-1,
-1,RT @ClimateDepot: ALERT: A Joyful Day in DC! White House declares 'global warming' funding is ‚Äòa waste of your money‚Äô ‚Ä¶
-1,
-1,RT @blkahn: Aaaaaand @GreenPartyUS deleted their global warming rain tweet but in case you missed the stupid 
-1,
-1,RT @Stevenwhirsch: Obama can take a  plane to rally for Hillary and then ask us (tax-payers) to support 'climate change'. Hypocrite mu√É¬¢√¢‚Äö¬¨√Ç¬¶
-1,
-1,
-1,
-1,
-1,"RT @SteveSGoddard: After ten years of intensive study, I have reached the unavoidable conclusion that the people pushing climate change are‚Ä¶"
-1,
-1,RT @SheriffClarke: Going where? One last joyride on taxpayers dime. Will global warming zealots chastise him for the carbon emissions?‚Ä¶
-1,
-1,
-1,
-1,
-1,RT @DougWil: Too bad CAL can't afford to EXIT. They waste their tax revenue on giveaway programs and climate change lies so thei‚Ä¶
-1,
-1,"RT @asamjulian: How Democrats Keep America Safe
. Open borders
. Unlimited refugees
. Don't offend Muslims
. Prioritize climate change‚Ä¶"
-1,
-1,RT @S_Driscoll: Play a college sport in the 'spring' semester and you'll never believe in global warming again
-1,
-1,RT @Climate_Cop: #ClimateGate  EPA Chief McCarthy blames Boston's 'worst winter ever' on global warming
-1,
-1,RT @PrisonPlanet: A bunch of Oxford elitists want to tax the food of poor people because 'climate change'. How about fuck off instead? http√É¬¢√¢‚Äö¬¨√Ç¬¶
-1,
-1,"RT @KurtSchlichter: If those of us who speak climate truth are 'Climate Deniers,' doesn't that make the climate change scammers 'Climat‚Ä¶"
-1,RT @USFreedomArmy: Climate change (proven). Man-made global warming (unproven). Separate fact from fiction at http://t.co/WGxVIFdVZ. http√É¬¢√¢‚Äö¬¨√Ç¬¶
-1,
-1,
-1,RT @sandydubya: Study: Earth cooler now than when Al Gore won Nobel Peace Prize for global warming work  @ScotsFyre‚Ä¶
-1,
-1,
-1,"RT @JaredWyand: Steve Bannon means bye bye to the climate change scheme we're spending $,,, a year on for 'research'

√É¬¢√¢‚Äö¬¨√Ç¬¶"
-1,"RT @PaulCarfoot: #Solar activity, ocean cycles, &amp; water vapor explain % of climate change since , NOT CO!  #A‚Ä¶"
-1,"RT @Trawlercap: @SteveSGoddard @JunkScience @Carbongate I hear they want to protect polar bears from ‚Äúclimate change‚Äù good one, fro‚Ä¶ "
-1,RT @realmikedoughty: Stay safe. All these snowflakes falling due to global warming can be dangerous. #algore #climatechange #SnowStorm
-1,
-1,"RT @dril: al gore conference on global warming..canceled by SNOW!! 'Guh, BLugh Durr' says the dumb man, while he pees into his comically la‚Ä¶"
-1,RT @hrkbenowen: Bill Nye blows gasket when a real scientist schools him on facts about ‚Äòclimate change‚Äô 
-1,"RT @JennJacques: @AP It was  degrees this morning, calm down, climate change alarmists."
-1,"RT @pepesgrandma: If anyone watched the hearing on the EPA science behind global warming, there is none. 
#globalwarming #EPA‚Ä¶"
-1,RT @COLRICHARDKEMP: Of course @ProfBrianCox is right: there must be no dissent from the climate change religious doctrine - in case the‚Ä¶
-1,
-1,
-1,
-1,RT @PeculiarBaptist: Scott Pruitt is correct to question human activity as main cause of global warming. 'Consensus' argument is a joke. ht‚Ä¶
-1,RT @realDonaldTrump: The global warming we should be worried about is the global warming caused by NUCLEAR WEAPONS in the hands of crazy or√É¬¢√¢‚Äö¬¨√Ç¬¶
-1,"RT @EcoSenseNow: My letter on climate change in the Boston Globe today

' house of cards is falling'"
-1,"RT @SteveSGoddard: If you still believe the global warming scam after reading this post, then you are an idiot.
 htt‚Ä¶"
-1,
-1,
-1,
-1,
-1,
-1,RT @GajaPolicy: Global warmists brace for snow dump on climate change narrative  
-1,"RT @TEN_GOP:  more dead in London because of climate change. Oh wait, nope, it's Islamic terrorism again.
#LondonAttacks ‚Ä¶"
-1,
-1,RT @ClimateDepot: Climatologist Dr. Judith Curry: 'Anyone blaming Harvey on global warming doesn‚Äôt have a leg to stand on' ‚Ä¶
-1,"RT @LCARS_: The concept of global warming was created by and for the Chinese, to make U.S. manufacturing noncompetitive. 
--Donald J. Tru‚Ä¶"
-1,"RT @realDonaldTrump: It's freezing outside, where the hell is 'global warming'??"
-1,
-1,
-1,"RT @Longshoreman: Ah the Intellectual Elites. They know best!
World leaders duped by manipulated global warming data ‚Ä¶"
-1,
-1,
-1,RT @JackPosobiec: EU leaders just spent a week lecturing Trump that climate change is a bigger threat than ISIS
-1,RT @roycan: FORKED-TONGUE: Candidate Jill Stein 'My AG will prosecute Exxon for lying to the world about climate change.' She i‚Ä¶
-1,RT @BigJoeBastardi: Apparently human induced climate change is trying to trick you into believing its natural cause it resembles reversals‚Ä¶
-1,RT @joncomulada: Me looking for scientists that got rich by propagating the idea of climate change. 
-1,
-1,
-1,"RT @RyanMaue: Just wait until next week, Sally.  You'll be begging for some 'global warming' "
-1,
-1,
-1,RT @lauracorella: Honestly shut the fuck up about 'climate change'. Like you fucks really give a shit. Stop fronting.
-1,
-1,RT @charliekirk: America should not do deals with leaders that think climate change is a bigger deal than killing ISIS. #ParisAgreement
-1,RT @DVATW: We can but hope. It‚Äôs time the entire fraudulent nihilistic ‚Äúclimate change‚Äù industry was brought down to its knees ‚Ä¶
-1,RT @JohnColemanMRWX: Donald Trump is sworn in as President-The climate change pages are removed from the Presidential website. Hooray.‚Ä¶
-1,
-1,RT @_Makada_: Pope Francis st said Trump is bad for wanting to build a wall &amp; now lectures him on 'climate change' in his huge palace prot‚Ä¶
-1,"RT @tedcruz: If you believe in global warming, read this. The Obama science-deniers hide &amp; try to cover up -year-long 'pause'‚Ä¶ "
-1,
-1,
-1,RT @politicalelle: Seeing liberal leaders tweet frantically about the deadly nature of climate change but not radical Islam is truly someth‚Ä¶
-1,
-1,RT @LarryT: #Glaciation that has been happening throughout all our ice ages. The climate change geeks mistake this for global w‚Ä¶
-1,
-1,
-1,RT @AbnInfVet: Man-made global warming is still a myth even though they now call it climate change. Enlist ----&gt;‚Ä¶
-1,
-1,RT @SaveLibertyst: Graph of CO and temperature for the last  million years. No correlation=CO doesn't control global warming. Cli‚Ä¶
-1,"RT @MiltonWolfMD: Nice try, @TheHill. The term 'climate change denier' is pure propaganda.

How about we start calling pro-abortionis‚Ä¶ "
-1,"RT @Motofe: We've had coal forever, long before 'climate change' what was done? "
-1,"RT @GroverNorquist: Why does the Left refuse/fear to debate the science of Global cooling/global warming/now climate change?
Confident peo√É¬¢√¢‚Äö¬¨√Ç¬¶"
-1,"RT @NaughtyBeyotch: With video. According to liberals, you MUST accept their dogma on global warming... "
-1,RT @craftyguy: California legislature just passed a phony climate change tax to pay for all the illegals and deadbeats ..
-1,"RT @GadSaad: Hey @BillNye, you are off the hook.  It's due to boredom not climate change.  We found the culprit! "
-1,RT @tan: Gasp: 'head of the EPA says he does not agree that carbon dioxide is the main driver of climate change' 
-1,
-1,"RT @omnologos: Hypocrisy never far from alarmists. @EdwardJDavey now wants debate, when climate change minister he complained abou‚Ä¶"
-1,RT @TeamTrump: .@realDonaldTrump will cut taxes &amp; cancel billions in global warming payments to the UN so we can use that money to√É¬¢√¢‚Äö¬¨√Ç¬¶
-1,"RT @JohnKStahlUSA: Obama fired top scientist to advance climate change plans. Barry wouldn't do that, would he? #tcot #ccot #gop #maga http‚Ä¶"
-1,RT @BreitbartNews: ‚ÄúWe who voted for you consider stopping this climate change madness one of your key promises.‚Äù 
-1,RT @kdlewis: World leaders duped by manipulated global warming data 
-1,"RT @truckerbooman: Should America spend trillions a year 
For hundred years to slow global warming to  degree 
@seanhannity #MAGA"
-1,
-1,
-1,"RT @faithav_: Facts: There are  genders, global warming is made up, the pay gap isn't real, women have equal rights, guns save lives &amp; tax‚Ä¶"
-1,
-1,RT @realDonaldTrump: The concept of global warming was created by and for the Chinese in order to make U.S. manufacturing non-competitive.
-1,
-1,"RT @SarrahHuckabee:  attacks in one night, including the especially horrific #LondonBridge attack

But make no mistake, climate change‚Ä¶"
-1,
-1,RT @Sadieisonfire: Hey Obama if global warming is real how come its so cold outside
-1,
-1,RT @realDonaldTrump: The concept of global warming was created by and for the Chinese in order to make U.S. manufacturing non-competitive.
-1,RT @JackPosobiec: Same paid protesters as the global warming protest 
-1,
-1,RT @pscully: @lisa @dorbar @HuffPostPol  our liberal global warming asshole lawmakers are regulating shit unnecessarily.
-1,
-1,
-1,"RT @SenatorMRoberts: Yes. A , paper on the flaws of climate change scams. I have a website with all of my research. √É¬¢√¢‚Äö¬¨√Ç¬¶"
-1,"RT @JessieJaneDuff: Obama years: 'Socialized medicine, open borders, dislike of the military &amp; the religion of climate change'
@Varneyco ht‚Ä¶"
-1,
-1,"RT @USAneedsTRUMP: World leaders duped by manipulated global warming data  

I HAVE BEEN SAYING THIS FOR YEARS!"
-1,"RT @OpChemtrails: Engineering the climate, then blaming you for global warming #CarbonTax #ROCKYMOUNTAINS  #OpChemtr‚Ä¶"
-1,
-1,RT @tan: Scammer Mann claims the scientific community has concluded that climate change is 'settled science' 
-1,
-1,
-1,
-1,
-1,
-1,RT @DavidAHoward: @pablothehat @clivebull @LBC One of the best lectures you'll ever see on fake climate change. The debunking is extremely√É¬¢√¢‚Äö¬¨√Ç¬¶
-1,"RT @PoliticalShort: Little over  months.  terror attacks. But the elites say the real threat is 'climate change'. 

You can only igno‚Ä¶"
-1,"RT @artyvanguard: 'Most scientists agree that man made climate change is real.'

Fact: science is NOT based upon a consensus 

 #FakeGlobal‚Ä¶"
-1,"RT @TeriAnne: Fake global warming at its finest ÔøΩÔøΩ
#GlobalWarming #ElectricCars "
-1,RT @GoodScienceFYou: @Geralt_f_Riv @SandraHartle @RealJamesWoods The problem for you is evidence. There is no global warming. It is a ho‚Ä¶
-1,
-1,"RT @SteveSGoddard: Chicago Democrats have shot nearly , other Chicago Democrats already this year. I blame climate change. ‚Ä¶"
-1,
-1,"RT @SteveSGoddard: The global warming scam began this week in . Watch this video to see how it happened.
"
-1,
-1,
-1,RT @CounterMoonbat: The people who predicted parts of Manhattan would be underwater by  due to climate change are concerned about 'fake√É¬¢√¢‚Äö¬¨√Ç¬¶
-1,
-1,RT @CounterMoonbat: The only part of the science that's truly settled is climate change turns people into lunatics. 
-1,RT @PrisonPlanet: A bunch of Oxford elitists want to tax the food of poor people because 'climate change'. How about fuck off instead? http√É¬¢√¢‚Äö¬¨√Ç¬¶
-1,RT @PrisonPlanet: A bunch of Oxford elitists want to tax the food of poor people because 'climate change'. How about fuck off instead? http√É¬¢√¢‚Äö¬¨√Ç¬¶
-1,RT @CounterMoonbat: The people who predicted parts of Manhattan would be underwater by  due to climate change are concerned about 'fake√É¬¢√¢‚Äö¬¨√Ç¬¶
-1,
-1,
-1,"RT @OldManDuke: CBC should give the climate change song a break
Climate is dynamic
Solar Grand Minimum approaching,not global-warmi‚Ä¶ "
-1,"RT @avalonjdl: I wish that Al Gore would sit down, shut up and stop goring us with his phony climate change claims!!!!!!!"
-1,
-1,
-1,RT @smujpot: never have denied climate change - just point out there was once . miles of ice atop us &amp; NO evidence of them hav‚Ä¶
-1,RT @eavesdropann: LOL! Tough guy John Kerry scolds Trump about climate change; wonder how hard Trump laughed  via @t√É¬¢√¢‚Äö¬¨√Ç¬¶
-1,RT @mitchellvii: The only climate change Democrats should be worrying about is the political one.
-1,
-1,RT @BobbyCantrell: @BillPowers @shirlchar watch out election loss will b because of  global warming. After that????
-1,
-1,"RT @asamjulian: Things that matter most to Dem leaders: Baby-killing PP, criminal-protecting sanctuary cities, man-made climate change. Wha‚Ä¶"
-1,"RT @TinaCatalone: Yet @BarackObama will be hailed a hero by the climate change mental heads ITS AGAINST THE LAW,TO KILL BALD EAGLES b‚Ä¶ "
-1,"RT @SoCalTrump: The global warming crowd would have more credibility if they stopped making false predictions.
It's just weather. ÔøΩÔøΩ‚Ä¶"
-1,RT @TheGreatFeather: All you fools that bought into the climate change hoax... see any solar panels or wind turbines? Send him more of y‚Ä¶
-1,
-1,"RT @RogerHelmerMEP: Helmer@Heartland,DC: 'We can consign the myth of man-made global warming to the dustbin of history'."
-1,
-1,"RT @spark_show: Is this her answer to every question ever? She's so useless. 

Human caused climate change is the conspiracy. #ableg https:‚Ä¶"
-1,
-1,"RT @SteveSGoddard: I've been hearing this global warming idiocy for  years, and nothing is changing. At what point does this scam en‚Ä¶"
-1,"RT @mitchellvii: If manmade climate change is real, why all the manipulation of data to prove it?"
-1,
-1,"RT @Cernovich: Same 'experts' who said Hillary would win claim 'climate change' is real. LOL! Go away, morons, you know nothing and you los√É¬¢√¢‚Äö¬¨√Ç¬¶"
-1,
-1,"RT @BigJoeBastardi: Tired of being told I dont believe in climate change, which is redundant term and everyone knows occurs. Real deniers o‚Ä¶"
-1,
-1,
-1,
-1,
-1,"RT @leonpui_: Trump should do that as 'climate change-global warming' is a huge Fraud.

Watch for our new article in  weeks!√É¬¢√¢‚Äö¬¨√Ç¬¶"
-1,RT @ClimateDepot: Cheers! Trump's Interior secretary doesn't want to combat climate change  via @MotherJones
-1,
-1,"RT @polNewsToday: Anons explain how 'climate change' is not man-made, but rather part of a natural cycle that all planets go through. https‚Ä¶"
-1,
-1,
-1,
-1,
-1,
-1,
-1,
-1,"RT @SteveSGoddard:  years ago, the @sierraclub said global warming would make earth uninhabitable for cockroaches‚Ä¶ "
-1,RT @realDonaldTrump: The global warming we should be worried about is the global warming caused by NUCLEAR WEAPONS in the hands of crazy or‚Ä¶
-1,RT @FBRASWELL: Who is driving the climate change alarmism? Listen and find out! - Climate Change: What Do Scientists Say? √É¬¢√¢‚Äö¬¨√Ç¬¶
-1,
-1,RT @CounterMoonbat: The people who predicted parts of Manhattan would be underwater by  due to climate change are concerned about 'fake√É¬¢√¢‚Äö¬¨√Ç¬¶
-1,"RT @jimlibertarian: That's great news,the EPA is a corrupt&amp;criminal New World order operative  communism,&amp;climate change believers lik‚Ä¶ "
-1,
-1,
-1,
-1,"RT @Chairmnoomowmow: Before you sit for a lecture about climate change from a california liberal, take a look at the job they're doing.√É¬¢√¢‚Äö¬¨√Ç¬¶"
-1,
-1,"RT @SteveSGoddard: Historians will look back at the global warming scam and Russian hacking scam, as two of the stupidest episodes in human‚Ä¶"
-1,"RT @SandraTXAS: Even Al Gore the mack daddy of climate change doesnt believe this crap.
Trump is right to exit Paris climate accord‚Ä¶"
-1,RT @Carbongate: Top Russian Scientist: √É¬¢√¢‚Äö¬¨√ã≈ìfear a deep temperature drop √É¬¢√¢‚Äö¬¨√¢‚Ç¨¬ù not global warming√É¬¢√¢‚Äö¬¨√¢‚Äû¬¢ #climatechange #environment √É¬¢√¢‚Äö¬¨√Ç¬¶
-1,
-1,RT @Rockprincess: celebrities who couldn't drag Hillary's bloated body over the finish line are lecturing us on climate change. No one l‚Ä¶
-1,"RT @TEN_GOP: Dear celebs, when you give up your estates and private jets then maybe we'll listen to your rants on climate change.
#ParisAgr‚Ä¶"
-1,
-1,RT @Franktmcveety: UN official actually ADMITS that 'global warming' is a scam designed to 'change world's econom‚Ä¶ ‚Ä¶
-1,
-1,
-1,
-1,"RT @SteveSGoddard: I lived through the global cooling and global warming  scares, yet the weather is exactly the same as  years ago."
-1,"RT @loochchio: @ccdeditor The climate change theory is so flawed it doesn't withstand the tiniest amount of scrutiny 
‚Ä¶"
-1,RT @CounterMoonbat: The people who predicted parts of Manhattan would be underwater by  due to climate change are concerned about 'fake√É¬¢√¢‚Äö¬¨√Ç¬¶
-1,"RT @SteveSGoddard: No one told Bernie that it is - degrees in North Dakota, and he can call of his global warming protest. ‚Ä¶"
-1,"RT @PrisonPlanet: Obama uses private jet,  car convoy to get to 'climate change' speech. "
-1,
-1,RT @HealthRanger: NOAA got caught faking global warming temperature data‚Ä¶ so where is the apology?  #fakenews‚Ä¶
-1,
-1,RT @kcjw: Warmist fears arise over Trump plans to cut √É¬¢√¢‚Äö¬¨√ã≈ìclimate change√É¬¢√¢‚Äö¬¨√¢‚Äû¬¢ research  #feedly
-1,RT @CounterMoonbat: The people who predicted parts of Manhattan would be underwater by  due to climate change are concerned about 'fake√É¬¢√¢‚Äö¬¨√Ç¬¶
-1,RT @scrowder: .@EcoSenseNow dissects the scam that is modern 'climate change'. #DailyCrowder &gt;&gt;  ‚Ä¶
-1,RT @ClimateDepot: Warmists upset: Energy Secretary Rick Perry wants to hold a climate change 'debate' - 
-1,"RT @goddersbloom: No one believes in man made apocryphal global warming except the metropolitan media elite.
They all seem to be a bi√É¬¢√¢‚Äö¬¨√Ç¬¶"
-1,
-1,RT @charlesadler: #Trudeau gov now admitting long term climate change strategy may include burning tax $$$ to buy carbon credits. ‚Ä¶
-1,RT @DavidJo: Scientist says climate change is natural 
-1,RT @PolitiBunny: Tomorrow is Earth Day which means we'll get nagged more than usual about magical climate change ... yay.
-1,
-1,
-1,
-1,RT @presidentdiary: This is one reason for 'global warming': money transfer. Enlist in our patriot army at  Pat‚Ä¶
-1,
-1,
-1,
-1,
-1,
-1,RT @KaeElmer: The REAL FAKE NEWS exposed: '% of scientists agree on climate change' is an engineered hoax..
-1,
-1,
-1,
-1,
-1,RT @TEN_GOP: CNN's Brian Stelter destroyed by Weather Channel founder John Coleman over global warming. This deserves endless re‚Ä¶
-1,
-1,
-1,
-1,
-1,
-1,RT @realDonaldTrump: The concept of global warming was created by and for the Chinese in order to make U.S. manufacturing non-competitive.
-1,"RT @CarmineZozzora: When all the billionaire climate change scammers stop buying ocean front mansions, I'll start worrying about sea le√É¬¢√¢‚Äö¬¨√Ç¬¶"
-1,RT @realDonaldTrump: The concept of global warming was created by and for the Chinese in order to make U.S. manufacturing non-competitive.
-1,
-1,
-1,"RT @JunkScience: % of US warming Is due to NOAA data tampering -- not 'climate change.' 

Read my new book‚Ä¶ "
-1,
-1,
-1,
-1,
-1,
-1,"RT @alha: According to UNICEF, every  min a kid in Yemen dies cuz of U.S. arm sales  Saudi Arabia not global warming! hypo‚Ä¶ "
-1,RT @hrkbenowen: RETWEET if you agree with Rick Perry who banned the phrase 'climate change' at the Energy Department. ‚Ä¶
-1,
-1,RT @sean_spicier: The President met with Defense Sec Mattis today. They talked about everything but climate change. Just ran out of time. M‚Ä¶
-1,RT @SteveSGoddard: Corals are affected by lots of things. Imaginary man-made global warming is not one them. 
-1,"RT @realDonaldTrump: It's freezing outside, where the hell is 'global warming'??"
-1,
-1,
-1,
-1,
-1,"RT @MissLizzyNJ: Every time someone is killed or raped in the name of Allah, it only makes sense to blame global warming and the Chinese. -‚Ä¶"
-1,RT @FoxNews: .@TuckerCarlson to @BillNye on climate change: You pretend that you know...&amp; you bully people who ask you questions‚Ä¶
-1,
-1,RT @mogrant: Good. Man made global warming is the biggest hoax ever perpetrated #ClimateScam 
-1,
-1,"RT @RogerHelmerMEP: Oh I do. I do. If it's cold, that's weather. If it's hot, that's climate change. "
-1,
-1,
-1,RT @JonahNRO: Of course this supports idea the left hated oil before it believed in climate change. 
-1,RT @hutchnine: @JohnTrumpFanKJV Exactly!Thats the only climate change threatening the ÔøΩÔøΩ!FAKEUGEESÔøΩÔøΩÔøΩÔøΩÔøΩÔøΩÔøΩÔøΩÔøΩÔøΩ
-1,RT @bill_forsee: @ChrisCoon @JVER @WashTimes I hope he does climate change is the biggest hoax since war of the worlds
-1,
-1,RT @CounterMoonbat: The people who predicted parts of Manhattan would be underwater by  due to climate change are concerned about 'fake√É¬¢√¢‚Äö¬¨√Ç¬¶
-1,RT @PrisonPlanet: MSM (fake news) spun Trump's comments on global warming to try to drive a wedge between him &amp; his supporters. ‚Ä¶
-1,RT @GrizzlyGovFan: Up to  inches of global warming to dump on NYC 
-1,
-1,"RT @SenatorMRoberts: The US considers money spent on climate change a waste of money

This make ÔøΩÔøΩÔøΩÔøΩ taxpayers money spent on climate poli‚Ä¶"
-1,RT @LeahRBoss: Dispute it. PROVE climate change is caused by humans. I'll wait. üíÖüèΩ 
-1,RT @tan: Crony capitalist/billionaire Musk wants more sacks of taxpayer cash because 'climate change is real' 
-1,
-1,"RT @APLMom: Maybe instead of global warming, Obama should have made cyber security a top priority. Like @CarlyFiorina suggested =No hacking‚Ä¶"
-1,RT @realDonaldTrump: Where the hell is global warming when you need it?
-1,
-1,
-1,RT @NotJoshEarnest: POTUS called Gov Scott to offer condolences for the attack and to find out where they are on the climate change angle o‚Ä¶
-1,"RT @DSpauldingAtTSG: @RealJamesWoods @UnicornCovfefe Gore is such a fraud and a phony. I understand he never bought into global warming,‚Ä¶"
-1,"RT @kat_: @FoxNews @TuckerCarlson @ErinSchrode does this snowflake drive a car? Blow dry her hair, while preaching global warming?"
-1,RT @tan: Inhofe 'warned climate change deniers to be ‚Äúvigilant‚Äù because the former president ‚Äúbuilt a culture of radical ala‚Ä¶
-1,RT @JohnColemanMRWX: Now over % of scientists do not conclude there is a global warming crisis.  ‚Ä¶
-1,
-1,
-1,
-1,
-1,RT @redalertnow: @USATODAY - Maybe Obama should have fixed bridges instead of funneling money to his Communist pals for the climate change‚Ä¶
-1,"RT @petefrt: Fmr Obama official: Obama bureaucrats promoted misleading studies on climate change to push agenda 

#tcot #p‚Ä¶"
-1,"RT @TheMarkRomano: Pope Francis decries 'climate change'

Umm.. You might want to take this up with God

Been changing since Creation!

htt‚Ä¶"
-1,RT @tenhut_rox: #Climatechangehoax #Maga Chicken Little SHEPARD SMITH-climate change is real to pull out puts us at odds w/world ..‚Ä¶
-1,"RT @Blurred_Trees: 'You control climate change', can you imagine being this stupid?

Functioning adults believe this whole heartedly‚Ä¶"
-1,"RT @JaredWyand: Steve Bannon means bye bye to the climate change scheme we're spending $,,, a year on for 'research'

√É¬¢√¢‚Äö¬¨√Ç¬¶"
-1,
-1,
-1,RT @SenatorMRoberts: % of global warming alarmists believe @HillaryClinton is President #Election
-1,
-1,"RT @chaamjamal: In man made global warming the role of man is to adjust the temperature record. @ClimateOfGavin #climatechange 
‚Ä¶"
-1,
-1,
-1,
-1,
-1,
-1,
-1,RT @australian: Iconic Australian satirist Clive James has penned a savage essay on climate change alarmism 
-1,
-1,RT @RedNationRising: It's very profitable to be in the global warming hysteria business. #JunkScience #RedNationRising ‚Ä¶
-1,RT @realDonaldTrump: It‚Äôs snowing &amp; freezing in NYC. What the hell ever happened to global warming?
-1,RT @ColumbiaBugle: Al Gore's current house. It must be great making money off of climate change paranoia! 
-1,RT @TomiLahren: Proud our POTUS is placing American jobs over the feelings of the climate change alarmists! #GreatAmerica
-1,RT @OttawaPolitico: I am so sick hearing about climate change from this government. It is simply an easy file or do we not have other issue‚Ä¶
-1,
-1,
-1,"RT @realDonaldTrump: It's freezing outside, where the hell is 'global warming'??"
-1,RT @SteveSGoddard: Darn you global warming! 
-1,RT @ScottInSC: While you were teaching your son about climate change and feeding him soy milk Islam was teaching their sons to kill your son
-1,"RT @realDonaldTrump: It's freezing outside, where the hell is 'global warming'??"
-1,
-1,
-1,
-1,"RT @Cernovich: Same 'experts' who said Hillary would win claim 'climate change' is real. LOL! Go away, morons, you know nothing and you los√É¬¢√¢‚Äö¬¨√Ç¬¶"
-1,
-1,RT @darrylpetitt: @JrcheneyJohn @Nopropaganda Van Jones - A radical Communist who hates whites and wants to push climate change to increase‚Ä¶
-1,"RT @Rabiddogg: @exjon @KathyMschotschi why don't we take money from the global warming hoax and fund science with it, will it shut‚Ä¶"
-1,"RT @StacyBrewer: My dad's a Scientist so I learned from the best. Sorry dude, climate change IS about wealth distribution. ‚Ä¶"
-1,RT @addace: @hurrlshirts Climate change is called weather. Manmade climate change is called fiction.
-1,
-1,RT @magnuslewis: How can Trump deny climate change despite all the liberal snowflakes melting ? #ClimateChangeInWords
-1,
-1,
-1,RT @CamaryAllen: @foxnation @donnabrazile @realDonaldTrump 'I'm going to die from climate change.' Your going to die from lack of brain mat√É¬¢√¢‚Äö¬¨√Ç¬¶
-1,RT @FriendsOScience: Oh. More impact of global warming? Let's see what happens. Solar minimum leads to cooling+cold snaps. Be prepared. htt√É¬¢√¢‚Äö¬¨√Ç¬¶
-1,RT @JackPosobiec: Reality Winner wrote communist climate change essays 
-1,
-1,
-1,
-1,RT @realDonaldTrump: The concept of global warming was created by and for the Chinese in order to make U.S. manufacturing non-competitive.
-1,RT @BrentBozell: I heard @AlGore is on @CNN right now. What a combo. Fake news interviews fake climate change propagandist.
-1,"RT @CllrBSilvester: 'In particular #PresidentTrump has to stop the job wrecking political scam of climate change'
"
-1,"RT @erinrouxx:  degrees in November √É¬∞√Ö¬∏√ã≈ì√Ö‚Äú√É¬∞√Ö¬∏√¢‚Ç¨Àú√Ö‚Äô√É¬∞√Ö¬∏√Ö‚Äô√Ç¬¥but global warming isn't real, liberals √É¬∞√Ö¬∏√¢‚Äû¬¢√¢‚Ç¨¬¶√É¬∞√Ö¬∏√Ø‚Ä†¬è√Ç¬ª√É¬∞√Ö¬∏√¢‚Ç¨Àú√Ö¬Ω√É¬∞√Ö¬∏√ã≈ì√Ç¬°"
-1,
-1,RT @realDonaldTrump: The concept of global warming was created by and for the Chinese in order to make U.S. manufacturing non-competitive.
-1,
-1,RT @SaveLibertyst: Now the UN &amp; other globalists tell America the AGW climate change hoax is unstoppable. Guess we will see about that. ht√É¬¢√¢‚Äö¬¨√Ç¬¶
-1,
-1,
-1,"RT @StefanMolyneux: Emmanuel Macron's concern for climate change probably stems from his wife, who is old enough to remember the last ice a‚Ä¶"
-1,RT @CounterMoonbat: The people who predicted parts of Manhattan would be underwater by  due to climate change are concerned about 'fake√É¬¢√¢‚Äö¬¨√Ç¬¶
-1,
-1,
-1,
-1,
-1,RT @chezamission: Here we go...still waffling on abt damn climate change policy BS..it is a f*cking scam full stop!! 
-1,"RT @KekReddington: I usually don't ask for retweets, but this guy founded the weather channel and says global warming is a complete ho‚Ä¶"
-1,
-1,"RT @sean_spicier: For the st time in + years, the US launched air strikes for something other than climate change violations"
-1,RT @JimBlakemore: @luisbaram Only deniers are ones saying all climate change is manmade.
-1,RT @EcoSenseNow: Putting the pressure on the climate change politicos. 
-1,RT @larryelder: Just WHAT do these anti/Trump protesters think he'll do--a St Valentine's Day Massacre on climate change alarmists? CALM DO√É¬¢√¢‚Äö¬¨√Ç¬¶
-1,
-1,RT @TheRebelTV: Liberals tell companies: Disclose ‚Äúclimate change risks‚Äù or else @ezralevant (w/ @JackPosobiec)‚Ä¶
-1,
-1,"RT @SteveSGoddard: Climate alarmists believe in global warming, because they believe that other people believe in global warming.
The intel‚Ä¶"
-1,RT @MrMediaUK: Sugar tax and climate change. Both brought about to generate income by deceit!
-1,
-1,
-1,
-1,RT @logician: the regressive left doesn't want you to hear the important conversations about climate change with the guy from ancient ali‚Ä¶
-1,RT @realDonaldTrump: The concept of global warming was created by and for the Chinese in order to make U.S. manufacturing non-competitive.
-1,RT @Bryan: A New report about Antarctica is horrible news for the global warming alarmists.
-1,RT @JillianPizana: 'The concept of global warming was created by and for the Chinese in order to make U.S. manufacturing non-competiti‚Ä¶
-1,"RT @MissLizzyNJ: If climate change caused this blizzard in March, then please explain what caused the blizzard that occurred in April of ‚Ä¶"
-1,
-1,
-1,RT @SteveSGoddard: More brutal global warming in Colorado today 
-1,"RT @NotJoshEarnest: Obviously Istanbul is expecting some wicked climate change soon
"
-1,
-1,"RT @realDonaldTrump: It's freezing outside, where the hell is 'global warming'??"
-1,"RT @don_holleran: Tree-huggin' hippie! Man walking BAREFOOT across America to protest climate change, 'save the earth'‚Ä¶ "
-1,"RT @theblaze: GOP, climate alarmists pushing costly global warming plan. Is Trump listening?  "
-1,
-1,"RT @SteveSGoddard: - @NASA has tripled global warming since the year , during a time when satellites show no temperature increase.√É¬¢√¢‚Äö¬¨√Ç¬¶"
-1,
-1,
-1,
-1,RT @TracyAChambers: World leaders duped by manipulated global warming data  via @MailOnline
-1,
-1,RT @realDonaldTrump: The concept of global warming was created by and for the Chinese in order to make U.S. manufacturing non-competitive.
-1,RT @BryanJFischer: Christian leaders to Sec State: non-existent global warming higher priority to us than life or religious liberty. https:‚Ä¶
-1,
-1,
-1,RT @russ: @FreedomWorks @SenMikeLee Do an investigation to verify that the global warming leaders have created a HOAX focused on PROFIT
-1,
-1,"RT @GertonPolitiek: It's called weather. Not climate change. 
"
-1,
-1,RT @mitchellvii: Isn't it ironic that every single 'solution' to climate change reads like a laundry list of Liberal priorities? Funny coi‚Ä¶
-1,"RT @charliekirk: According the democrats climate change is a bigger threat than ISIS. Yes, this is the modern day Democratic Party."
-1,
-1,"RT @geniusoxymoron: good @UN @antonioguterres 

no more putting 'climate change' first

 the year that 'climate change' is verified as‚Ä¶"
-1,"RT @JudyMarymary: The hysterical measures to combat 'climate change' are causing poverty, pollution, and death "
-1,
-1,
-1,RT @TomFitton: Obama admin officials may have mishandled scientific data to advance global warming alarmism. 
-1,"RT @WayneRoot: More proof of liberal scam called 'global warming.' Climate change? Sure. Climate has ALWAYS changed!
"
-1,RT @USFreedomArmy: Nothing worse than climate change now is there. Enlist with us &amp; read the truth at  Act!! https:√É¬¢√¢‚Äö¬¨√Ç¬¶
-1,
-1,
-1,
-1,RT @kwilli: Forget about its poverty or exploding crime rate... the mayor of New Orleans is making climate change a top priority https:‚Ä¶
-1,
-1,RT @HouseCracka: Democrats if they can't blame Donald Trump for the flooding in Houston they'll blame global warming which means they'll bl‚Ä¶
-1,
-1,
-1,"RT @barelypolitix: Liberals say there's no money for border wall ... but plenty of money to:

~ Send to Iran

~ Research 'climate change'‚Ä¶"
-1,
-1,
-1,
-1,RT @JebSanford: Obama gave Iran a future with nuclear weapons Trump got out of the Paris Accord.Mindless liberals fear climate change more‚Ä¶
-1,
-1,RT @RitaPanahi: Pope grandstands on climate change &amp; Islamaphobia while Christians are ethnically cleansed from parts of Africa &amp; much of t‚Ä¶
-1,
-1,"RT @TheMarkRomano: Remember, we're supposed believe everything this fool says about 'climate change.'

"
-1,
-1,
-1,
-1,
-1,"RT @GartrellLinda: Energy Dept. REFUSES to hand over climate change info to Trump! 
FIRE INSUBORDINATE EMPLOYEES
Fre‚Ä¶"
-1,RT @FunnyAnimals: How to solve phony 'climate change' problem INSTANTLY: Believers quit driving &amp; flying. Deniers go about life as usual.‚Ä¶
-1,
-1,RT @DrSue: @lkk @RealStrategyFan SOS Kerry after he signed. Under the guise of climate change on our tax $. Now he is only SOS o√É¬¢√¢‚Äö¬¨√Ç¬¶
-1,
-1,
-1,
-1,
-1,"RT @SkepticJohn: If man-made global warming is fact, why do you have to fake data to support it? "
-1,"RT @KurtSchlichter: Remember, what liberals call 'climate change' is a huge fraud designed to impoverish and disempower you while enriching‚Ä¶"
-1,RT @badbrad: @CHNGStockton climate change one big money making scam. I'd love Trump to expose the whole thing
-1,
-1,
-1,
-1,RT @SteveSGoddard: Just when you think progressives can't possibly get any stupider - they blame volcanoes on global warming.‚Ä¶
-1,
-1,"RT @RealJack: Liberals love to credit science when it comes to climate change; the moment we talk about gender, science is off the table."
-1,"RT @irmahinojosa_: It's all about billions they invested into climate change, this #ParisAgreement was designed to cripple our economy. htt‚Ä¶"
-1,"RT @Cernovich: Same 'experts' who said Hillary would win claim 'climate change' is real. LOL! Go away, morons, you know nothing and you los√É¬¢√¢‚Äö¬¨√Ç¬¶"
-1,RT @EWErickson: I just have a hard time believing climate change extremists when so many of them also believe boys can become girls.
-1,
-1,"RT @Martin_Durkin: Wonderful Trump appoints the charming, clever, sane Myron Ebell to take on the global warming charlatans. Hurrah!!! http√É¬¢√¢‚Äö¬¨√Ç¬¶"
-1,
-1,RT @TheCartelMatt:  The left is upset that Trump is taking out terrorists. Global warming or climate change or somet‚Ä¶
-1,
-1,
-1,"RT @jpogara: @realDonaldTrump @RealJamesWoods 

RT this over and over again. Proof that man made global warming is a sham

 ‚Ä¶"
-1,
-1,
-1,
-1,
-1,RT @USFreedomArmy: Climate change (proven).  Man-made global warming (unproven). Separate fact from fiction at http://t.co/WGxVIFdVZ. http‚Ä¶
-1,
-1,"RT @ChrisCoon: Follow the money 
World leaders duped by manipulated global warming data  via @MailOnline"
-1,
-1,RT @SheriffClarke: The same LEFTIES who swallow whole shaky science about climate change and attack deniers are in denial themselves a‚Ä¶
-1,"RT @portereduardo: Geo-engineering will have its day. To combat global warming, we are going to end up trying to block the sun. ‚Ä¶"
-1,RT @josephcphillips: Which is why they now cover their bases by calling it climate change. 
-1,
-1,RT @mchastain: Why is Whitehouse asking Sessions about climate change? Going to arrest Mother Nature?!
-1,
-1,
-1,
-1,
-1,
-1,
-1,
-1,
-1,
-1,"RT @JunkScience: Can you trust the guy offering $, for proof global warming is¬†real?  "
-1,
-1,
-1,RT @LazyMeatball: @BrennaSimonSays @charliekirk There is no climate change. Look up kyoto treaty and get back to me....
-1,RT @CounterMoonbat: The people who predicted parts of Manhattan would be underwater by  due to climate change are concerned about 'fake√É¬¢√¢‚Äö¬¨√Ç¬¶
-1,
-1,RT @presidentdiary: These global warming crackpots have lost it! Join us &amp; enlist at  Patriot central awaits. https‚Ä¶
-1,
-1,
-1,RT @Protonice: @trudeau You could be the greatest PM in history if you acknowledged that global warming / climate change is the biggest sca√É¬¢√¢‚Äö¬¨√Ç¬¶
-1,"RT @SteveSGoddard: Whatever the weather is, some scientist will find an ad hoc explanation to blame it on global warming."
-1,
-1,
-1,
-1,RT @realDonaldTrump: The global warming we should be worried about is the global warming caused by NUCLEAR WEAPONS in the hands of crazy or√É¬¢√¢‚Äö¬¨√Ç¬¶
-1,
-1,"RT @Coondawg: Like global warming, you can't accept even the basic premise without having to swallow insane, hyper-partisan conclusions.‚Ä¶"
-1,
-1,RT @PrisonPlanet: A bunch of Oxford elitists want to tax the food of poor people because 'climate change'. How about fuck off instead? http√É¬¢√¢‚Äö¬¨√Ç¬¶
-1,RT @realDonaldTrump: The concept of global warming was created by and for the Chinese in order to make U.S. manufacturing non-competitive.
-1,
-1,
-1,
-1,"RT @KurtSchlichter: 'Climate criminal.' So, are they sending the Weatherstapo for him? These global warming scam fanatics are the worst. @√É¬¢√¢‚Äö¬¨√Ç¬¶"
-1,
-1,"RT @Trial_Watcher: @DrMartyFox @SheriffClarke @LouDobbs @seanhannity - the global warming scam to tax the air we breathe, in order to fund‚Ä¶"
-1,RT @RNCleveland: World leaders duped by manipulated global warming data  
-1,
-1,RT @SpencerHaberman: @DC_Politix @SenSanders @billmckibben That is why it went from Global cooling in the s-s to global warming in t‚Ä¶
-1,
-1,RT @crazyeasypig: @latimes @latimesopinion Doesnt the climate change  times a year??
-1,RT @mpmichael: People: plz follow @SteveSGoddard who puts all the global warming scare tactics into historical context. ‚Ä¶
-1,RT @Jimbo: #islamicState is due to global warming 
-1,
-1,"RT @krauthammer: Obama fiddles (climate change, Gitmo, now visit to Havana); the world burns ‚Äì as Iran, Russia, China, ISIS march. https://‚Ä¶"
-1,"RT @SteveSGoddard: Before global warming, Kachina Peak used to be snow covered. Now it is covered with snow "
-1,
-1,RT @WSCP: U.S. &amp; Europe tried to get climate scientists to downplay lack of global warming over last  years  #tco√É¬¢√¢‚Äö¬¨√Ç¬¶
-1,
-1,"RT @PMgeezer: 'How the global warming fraud will collapse'
#Jan @SteveSGoddard  "
-1,
-1,
-1,
-1,
-1,
-1,RT @tan: 'just some points to bring in to question the militant orthodoxy of the current climate change universe' 
-1,"RT @TrumpSuperPAC: #TRUMP wasn't fooled, but Obama &amp; other world leaders were duped by manipulated global warming data! #GSummit https://‚Ä¶"
-1,"RT @DBloom: EPA chief Pruitt rightly points out carbon dioxide is not primary contributor to global warming... THE‚òÄÔ∏èSUN is.
‚Ä¶"
-1,
-1,
-1,RT @Stevenwhirsch: Obama can take a  plane to rally for Hillary and then ask us (tax-payers) to support 'climate change'. Hypocrite mu√É¬¢√¢‚Äö¬¨√Ç¬¶
-1,
-1,RT @PrisonPlanet: A bunch of Oxford elitists want to tax the food of poor people because 'climate change'. How about fuck off instead? http√É¬¢√¢‚Äö¬¨√Ç¬¶
-1,
-1,
-1,"RT @CConstitution: @AmyMek 
@stephenkbannon So glad for your common sense &amp; position to MAGA!
And yes, climate change agenda is a big $$$m‚Ä¶"
-1,"RT @realDonaldTrump: It's freezing outside, where the hell is 'global warming'??"
-1,"RT @PolitixGal: Over past decade, global temps hv not increased; global warming has ceased &amp; signs of future deep temp drop. √É¬¢√¢‚Äö¬¨√Ç¬¶"
-1,
-1,"RT @Dehneh: Shocking! Not really....

World leaders duped by manipulated global warming data  via @MailOnline"
-1,RT @AngryAmerican: Where is your Science now! So much money spent on global warming...so many resources wasted! 
-1,RT @realDonaldTrump: The global warming we should be worried about is the global warming caused by NUCLEAR WEAPONS in the hands of crazy or√É¬¢√¢‚Äö¬¨√Ç¬¶
-1,
-1,
-1,"RT @realDonaldTrump: It's freezing outside, where the hell is 'global warming'??"
-1,
-1,"RT @SteveSGoddard: Forty years ago, the @nytimes blamed African drought and famine on global cooling. Now they blame global warming.‚Ä¶ "
-1,"RT @MiddleUSA: If lefties weren't always melting down, how might that effect global warming? Would they be better at the equator o√É¬¢√¢‚Äö¬¨√Ç¬¶"
-1,
-1,RT @realDonaldTrump: The concept of global warming was created by and for the Chinese in order to make U.S. manufacturing non-competitive.
-1,"RT @AllNewsAlliance: The game is up for climate change believers 
 #ClimateChange #GlobalWarming #Hoax"
-1,
-1,RT @JunkScience: Gore Effect: It's snowing at the #PeoplesClimateMarch against global warming in Denver. 
-1,RT @realDonaldTrump: The concept of global warming was created by and for the Chinese in order to make U.S. manufacturing non-competitive.
-1,
-1,"RT @MissLizzyNJ: The tristate area had a blizzard on April , . Was that due to global warming as well? "
-1,
-1,
-1,RT @cvpayne: Man-made climate change crowd barely restraining glee over successive hurricanes like Katrina aftermath. Another chance to hi‚Ä¶
-1,
-1,RT @rusty: Researchers find Antarctic Sea Ice has not 'shrunk' in ' years' so much for the great global warming hoax ‚Ä¶
-1,
-1,
-1,"RT @realDonaldTrump: It's freezing outside, where the hell is 'global warming'??"
-1,RT @peddoc: This is what 'environmentalists' do to our Planet ÔøΩÔøΩ Save the planet by exposing climate change loons. #climatemarch ‚Ä¶
-1,"RT @RealJamesWoods: Federal scientist cooked climate change books ahead of Obama presentation, whistle blower charges ///#NoSurpriseHere ht‚Ä¶"
-1,
-1,"RT @FoundinNV: John Kerry lands in Antarctica, he can now officially say he's looked everywhere  global warming and can't find it https://√É¬¢√¢‚Äö¬¨√Ç¬¶"
-1,
-1,
-1,
-1,
-1,
-1,RT @USFreedomArmy: Can anyone say 'Man-made global warming?' The MSM lies keep coming. Enlist &amp; join our patriots at‚Ä¶
-1,
-1,
-1,RT @hrkbenowen: Tucker Carlson obliterates leftists over Paris Accord: ‚ÄòShut up and believe‚Äô is climate change creed 
-1,"RT @realDonaldTrump: It's freezing outside, where the hell is 'global warming'??"
-1,"RT @wrmead: By focusing on climate change, the NYT completely botched its story on Mexico City's myriad problems: "
-1,
-1,
-1,"RT @murfrw: Gore is scamming more money from climate fools.
Al Gore's climate change film An Inconvenient Truth gets a sequel ‚Ä¶"
-1,
-1,
-1,
-1,
-1,RT @RadioFreeTom: This is why I avoid climate change discussions. It's a religion. 
-1,
-1,RT @dbongino: We're at the point w/the delusional Left that literally every weather event is evidence of 'global warming.' Their dishonesty‚Ä¶
-1,"RT @joshdcaplan: Al Gore admits Paris Accord won't solve the issue of 'climate change.'

Yet liberals say Trump pulling out will des‚Ä¶"
-1,"RT @JoshNoneYaBiz: Funny the same people who believe in climate change bc of science, cant accept that you're biologically male or female.‚Ä¶"
-1,"RT @HerberMp: @sness_ness Al Gore is a idiot! He thinks climate change is the cause of all our problems. Always has, always w‚Ä¶"
-1,"RT @sarasmiles: Hey liberals the climate change crap is a hoax that ties to #Agenda.
The Climate is Being Changed by√É¬¢√¢‚Äö¬¨√Ç¬¶"
